Customer ID,Customer Name,Sales,Profit,CumSales,CumSalesShare
SM-20320,Sean Miller,25043.05,-1980.7393000000022,25043.05,0.010901549983195431
TC-20980,Tamara Chand,19052.217999999997,8981.3239,44095.268,0.01919521656205606
RB-19360,Raymond Buch,15117.339,6976.095899999999,59212.606999999996,0.025775981553597012
TA-21385,Tom Ashbrook,14595.62,4703.788299999999,73808.227,0.03212963579961445
AB-10105,Adrian Barton,14473.570999999998,5444.8055,88281.798,0.03843016060357514
KL-16645,Ken Lonsdale,14175.229000000001,806.8549999999996,102457.027,0.04460081343806381
SC-20095,Sanjit Chand,14142.333999999999,5757.4119,116599.361,0.05075714667143771
HL-15040,Hunter Lopez,12873.297999999999,5622.4292000000005,129472.659,0.0563610528088918
SE-20110,Sanjit Engle,12209.438000000002,2650.6768999999995,141682.097,0.061675972462197845
CC-12370,Christopher Conant,12129.072,2177.0492999999988,153811.169,0.06695590779985744
TS-21370,Todd Sumrall,11891.751,2371.7144,165702.91999999998,0.07213253436547999
GT-14710,Greg Tran,11820.12,2163.4268999999995,177523.03999999998,0.07727797906919491
BM-11140,Becky Martin,11789.63,-1659.958100000002,189312.66999999998,0.08241015109809637
SV-20365,Seth Vernon,11470.95,1199.4242,200783.62,0.0874035977741097
CJ-12010,Caroline Jumper,11164.974,858.7413999999995,211948.59399999998,0.09226384930585513
CL-12565,Clay Ludtke,10880.546,1933.7830999999994,222829.13999999998,0.09700028580474233
ME-17320,Maria Etezadi,10663.728000000001,1859.4694999999997,233492.868,0.10164233874155316
KF-16285,Karen Ferguson,10604.266000000001,1660.1386,244097.134,0.10625850713294718
BS-11365,Bill Shonely,10501.653,2616.0643999999993,254598.78699999998,0.1108300068139235
EH-13765,Edward Hooks,10310.880000000001,1393.5153999999995,264909.66699999996,0.11531846064405721
JL-15835,John Lee,9799.923,228.9069999999995,274709.58999999997,0.11958448856062355
GT-14635,Grant Thornton,9351.212,-4108.6588999999985,284060.80199999997,0.12365518701873696
HW-14935,Helen Wasserman,9300.254,2164.1611000000003,293361.056,0.1277037028280099
TB-21400,Tom Boeckenhauer,9133.99,2798.3688999999995,302495.046,0.13167984185784085
PF-19120,Peter Fuller,9062.864000000001,-614.2943000000007,311557.91,0.13562501885852177
CM-12385,Christopher Martinez,8954.02,3899.8903999999998,320511.93,0.13952281471727426
JD-16150,Justin Deggeller,8828.030499999999,1619.5198999999996,329339.9605,0.14336576578549173
JE-15715,Joe Elijah,8697.843,1262.2925999999993,338037.8035,0.14715204462175516
LA-16780,Laura Armstrong,8673.222,2059.1199,346711.0255,0.15092760563163016
PK-19075,Pete Kriz,8646.934000000001,2038.2675999999997,355357.9595,0.15469172314936033
DR-12940,Daniel Raglin,8350.868,2869.0759999999996,363708.8275,0.15832695946862124
NF-18385,Natalie Fritzler,8322.826000000001,-1695.9714000000006,372031.6535,0.1619499887578028
KD-16270,Karen Daniels,8282.358,1107.695199999999,380314.0115,0.16555540182512962
NC-18535,Nick Crebassa,8241.739,1314.7579999999996,388555.7505,0.16914313293843056
HM-14860,Harry Marie,8236.7648,2437.9836,396792.5153,0.17272869872083427
KD-16495,Keith Dawkins,8181.256,3038.6254,404973.7713,0.17629010083476676
SB-20290,Sean Braxton,8057.891,-2082.7451000000005,413031.6623,0.17979780063553547
ZC-21910,Zuschuss Carroll,8025.707,-1032.149000000001,421057.3693,0.1832914903422997
JH-15985,Joseph Holt,7954.9980000000005,-644.6982000000003,429012.36730000004,0.1867543995451811
NP-18700,Nora Preis,7903.1825,631.2281999999999,436915.54980000004,0.19019475281884649
AH-10690,Anna Häberlin,7888.294,1298.0165999999995,444803.84380000003,0.19362862494397262
AB-10060,Adam Bellavance,7755.620000000001,2054.5885,452559.4638,0.19700474243288355
JE-15610,Jim Epp,7754.976,1623.4018999999998,460314.43980000005,0.2003805795806144
JW-15220,Jane Waco,7721.714,2173.7093999999997,468036.15380000003,0.2037419373675828
LC-16885,Lena Creighton,7663.126,1288.3468999999998,475699.2798,0.2070777910721645
JM-15865,John Murray,7625.076000000001,1574.6164,483324.3558,0.21039708114025382
JD-15895,Jonathan Doherty,7610.864,1050.2667999999999,490935.2198,0.2137101845486367
PO-18850,Patrick O'Brill,7473.828200000001,38.47569999999979,498409.048,0.21696363457521553
MS-17365,Maribeth Schnelling,7443.6900000000005,844.9354999999997,505852.738,0.22020396506988021
RW-19540,Rick Wilson,7397.401,1586.6272999999999,513250.139,0.22342414538925984
BM-11650,Brian Moss,7294.185,2199.2780999999995,520544.324,0.22659939450484975
PP-18955,Paul Prost,7252.608,1495.0853999999997,527796.932,0.22975654463714287
NW-18400,Natalie Webber,7234.014,1023.1229999999998,535030.946,0.23290560057083048
Dp-13240,Dean percer,7198.7609999999995,333.36479999999983,542229.707,0.23603931043678444
FH-14365,Fred Hopkins,6987.196000000001,2050.2825999999995,549216.903,0.239080923436654
RH-19510,Rick Huthwaite,6979.18,1289.4534999999994,556196.0830000001,0.2421190469723942
PS-19045,Penelope Sewall,6843.634,1742.7296999999996,563039.7170000001,0.245098165654731
BB-11545,Brenda Bowman,6765.728,1015.0749999999995,569805.4450000001,0.24804337088990425
JE-15745,Joel Eaton,6760.8150000000005,221.79670000000016,576566.26,0.2509864374352985
YS-21880,Yana Sorensen,6720.444,1778.2922999999996,583286.704,0.2539119299841401
AR-10540,Andy Reiter,6608.448,2884.6207999999997,589895.152,0.2567886692863955
DR-12880,Dan Reichenbach,6528.034000000001,1641.8612999999998,596423.186,0.2596304033780097
GK-14620,Grace Kelly,6497.27,1448.5525000000002,602920.456,0.2624587455192152
JA-15970,Joseph Airdo,6491.026000000001,-819.4217000000001,609411.482,0.26528436956984885
NM-18445,Nathan Mautz,6459.344,2751.6848999999997,615870.826,0.2680962020532985
VD-21670,Valerie Dominguez,6442.254,1617.7874000000002,622313.08,0.27090059504797925
SB-20185,Sarah Brown,6410.996,885.4623999999994,628724.076,0.27369138104793
JG-15160,James Galang,6366.392,1415.6663999999998,635090.468,0.27646275037397516
DM-13015,Darrin Martin,6345.103,1677.3931,641435.571,0.27922485233452005
CM-12655,Corinna Mitchell,6339.5576,1572.4585000000002,647775.1285999999,0.28198454031372966
MJ-17740,Max Jones,6320.746,1054.5528999999997,654095.8746,0.28473603937035746
BH-11710,Brosina Hoffman,6255.351000000001,802.7897999999999,660351.2256,0.28745907117315034
RL-19615,Rob Lucas,6234.91,488.14839999999975,666586.1356,0.2901732047553508
WB-21850,William Brown,6160.102,714.3310999999997,672746.2376,0.2928547734881762
VW-21775,Victoria Wilson,6134.0380000000005,-874.6645000000002,678880.2756,0.2955249962388324
SD-20485,Shirley Daniels,6121.114,1985.1672,685001.3896,0.2981895930121422
QJ-19255,Quincy Jones,6108.338,1203.6768000000002,691109.7276,0.30084862823433967
AD-10180,Alan Dominguez,6106.88,1869.9293999999998,697216.6076,0.30350702877107044
CB-12025,Cassandra Brandow,6076.139,150.20889999999943,703292.7466,0.3061520473695775
GM-14695,Greg Maxwell,6049.965999999999,188.7235,709342.7126,0.3087856725368648
SC-20380,Shahid Collister,5992.536,236.66149999999982,715335.2485999999,0.3113942977135145
KH-16690,Kristen Hastings,5990.799000000001,1227.5091000000002,721326.0475999999,0.3140021667525404
RM-19675,Robert Marley,5979.0960000000005,1902.5438,727305.1436,0.31660494133064987
KH-16510,Keith Herrera,5952.859,656.1161999999999,733258.0026,0.31919629461754645
BF-11170,Ben Ferrer,5907.972000000001,1538.2127,739165.9746,0.32176810803713063
CP-12340,Christine Phan,5888.275000000001,-1850.3029000000001,745054.2496,0.32433134710854167
BD-11320,Bill Donatelli,5718.521000000001,1094.5036999999998,750772.7705999999,0.3268206901602647
CS-12505,Cindy Stewart,5690.055,-6626.389500000001,756462.8256,0.32929764160945446
AM-10705,Anne McFarland,5664.022,1085.7325999999998,762126.8476,0.3317632605711592
RB-19795,Ross Baird,5633.316000000001,-461.7332000000002,767760.1636,0.3342155128305738
KM-16375,Katherine Murray,5620.186,973.7902,773380.3496,0.33666204943828953
AA-10315,Alex Avila,5563.56,-362.8825000000002,778943.9096,0.3390839360465304
SM-20950,Suzanne McNair,5563.392,581.5741999999999,784507.3016,0.34150574952228957
NP-18325,Naresj Patel,5529.62,1208.8890000000001,790036.9216,0.3439128616279667
AC-10450,Amy Cox,5527.846,1366.0097999999998,795564.7676,0.3463192014894615
MH-18115,Mick Hernandez,5503.093,170.97459999999987,801067.8606,0.3487147660633322
DP-13390,Dennis Pardue,5480.724,1571.8317999999997,806548.5846000001,0.3511005931343199
EP-13915,Emily Phan,5478.0608,144.9577999999999,812026.6454,0.35348526088134685
YC-21895,Yoseph Carroll,5454.35,1305.6290000000001,817480.9954,0.35585960702332403
SP-20620,Stefania Perrino,5440.319,-270.4281999999996,822921.3144,0.35822784529713764
LW-17215,Luke Weiss,5420.514,837.2411000000002,828341.8284,0.36058746220903976
CP-12085,Cathy Prescott,5402.253999999999,427.02580000000006,833744.0824,0.3629391303166751
TS-21205,Thomas Seio,5371.09,862.8877000000001,839115.1723999999,0.36527723234894516
TT-21460,Tonja Turnell,5364.808,1124.4998999999998,844479.9803999999,0.36761259974877253
MW-18220,Mitch Webber,5341.900000000001,1238.422,849821.8803999999,0.36993799501233793
TP-21415,Tom Prescott,5329.0048,-1087.3898000000002,855150.8851999999,0.3722577768355539
TW-21025,Tamara Willingham,5278.826,737.3904999999997,860429.7111999999,0.37455571520534475
DW-13480,Dianna Wilson,5271.628000000001,1348.7555999999997,865701.3391999999,0.3768505201965424
MW-18235,Mitch Willingham,5253.876,1665.5159999999998,870955.2152,0.3791375975221682
HR-14830,Harold Ryan,5248.787,1196.9504,876204.0022,0.3814224595430341
SC-20725,Steven Cartwright,5226.21,1276.6513,881430.2122,0.3836974935160396
RP-19390,Resi Pölking,5153.084000000001,465.25030000000015,886583.2962,0.38594069483511234
LR-16915,Lena Radford,5142.892,535.4763999999997,891726.1882,0.38817945945029203
MP-18175,Mike Pelletier,5087.92,226.45289999999997,896814.1082,0.39039429407269227
AA-10645,Anna Andreadi,5086.9349999999995,857.8032999999998,901901.0432000001,0.392608699912387
IL-15100,Ivan Liston,5040.736000000001,1121.937,906941.7792000001,0.3948029947549119
KL-16555,Kelly Lampkin,5016.488,-182.78130000000013,911958.2672000001,0.39698673414257035
LB-16795,Laurel Beltran,4985.676,-52.19100000000021,916943.9432000001,0.3991570606848253
DH-13075,Dave Hallsten,4932.872,1193.7403999999997,921876.8152000001,0.4013044009915653
IM-15070,Irene Maddox,4930.474,514.6527,926807.2892000001,0.40345069741919076
TT-21070,Ted Trevino,4915.602,751.9567,931722.8912000001,0.4055905198809314
KM-16720,Kunst Miller,4909.472,745.7684999999997,936632.3632,0.4077276738777129
PO-19180,Philisse Overcash,4893.043,1155.4331,941525.4062,0.4098576761272162
HK-14890,Heather Kirkland,4877.784,956.9451000000001,946403.1902,0.41198103594493934
AJ-10780,Anthony Jacobs,4867.344,150.71299999999982,951270.5342,0.4140998511012963
JK-15730,Joe Kamberova,4867.2,55.048299999999976,956137.7342,0.416218603572669
AH-10210,Alan Hwang,4805.344,1308.5546,960943.0782,0.41831042936075985
DK-13225,Dean Katz,4802.394,209.89940000000013,965745.4722,0.42040097097729606
RA-19915,Russell Applegate,4793.543000000001,304.8672999999999,970539.0151999999,0.4224876596438561
SA-20830,Sue Ann Reed,4767.3415,610.1495999999996,975306.3566999999,0.42456294247279314
JK-15640,Jim Kriz,4760.434,1172.5303000000001,980066.7906999999,0.4266352183813866
BW-11110,Bart Watters,4750.358,921.2573999999995,984817.1486999999,0.42870310808232454
TB-21520,Tracy Blumstein,4737.486000000001,-1603.0451000000003,989554.6346999999,0.43076539444216044
GB-14575,Giulietta Baptist,4716.288,1135.8392999999999,994270.9226999999,0.43281845304992367
RB-19465,Rick Bensley,4715.466,640.5465999999999,998986.3886999999,0.43487115383090114
ES-14080,Erin Smith,4657.924,246.66609999999991,1003644.3126999999,0.4368988058662533
DB-13270,Deborah Brumfield,4655.897,841.8263999999999,1008300.2096999999,0.4389255755233881
KT-16480,Kean Thornton,4642.0884,194.06709999999998,1012942.2980999999,0.44094633412583517
SC-20050,Sample Company A,4624.572,1011.7442999999997,1017566.8701,0.4429594676223097
EM-14140,Eugene Moren,4588.436,1319.3654999999999,1022155.3060999999,0.44495687067020895
DB-13060,Dave Brooks,4531.646000000001,473.0272,1026686.9520999999,0.4469295523274011
AR-10825,Anthony Rawles,4523.336,494.8352,1031210.2880999999,0.4488986165386209
AG-10900,Arthur Gainer,4510.7970000000005,343.68239999999986,1035721.0850999999,0.4508622223677651
AJ-10795,Anthony Johnson,4501.391,1158.7063999999998,1040222.4760999999,0.45282173364855577
LC-16930,Linda Cazamias,4492.946,288.26600000000025,1044715.4220999999,0.4547775687162012
SC-20770,Stewart Carmichael,4492.657,-671.1873999999999,1049208.0790999997,0.45673327797856544
TP-21130,Theone Pippenger,4454.0560000000005,1129.1261,1053662.1350999998,0.4586721837473098
MC-17425,Mark Cousins,4432.138,1802.3903,1058094.2730999999,0.4606015483390596
JK-15205,Jamie Kunitz,4427.142,1219.9829999999997,1062521.4150999999,0.46252873811010203
KW-16435,Katrina Willman,4416.5199999999995,1756.1349999999995,1066937.9351,0.4644513039929231
BD-11500,Bradley Drucker,4411.243,1142.1225000000002,1071349.1781,0.4663715727322548
AI-10855,Arianne Irving,4375.786,867.7271000000001,1075724.9641,0.46827640660012504
SC-20230,Scot Coram,4371.9580000000005,440.1409999999999,1080096.9221,0.47017957409216105
EB-13840,Ellis Ballard,4358.128,656.1988,1084455.0501,0.4720767212138241
GZ-14470,Gary Zandusky,4355.15,1087.7539,1088810.2001,0.47397257197518555
SR-20740,Steven Roelle,4345.8859999999995,1990.4243999999999,1093156.0861,0.47586439000255315
ND-18370,Natalie DeCherney,4326.139,353.6454999999999,1097482.2251,0.477747611916128
MA-17560,Matt Abelman,4299.161,1240.2266,1101781.3861,0.479619089972008
SP-20860,Sung Pak,4282.9400000000005,566.7225999999997,1106064.3261,0.48148350682558716
DK-12895,Dana Kaydos,4282.176,937.6496,1110346.5021,0.48334759110049935
RD-19480,Rick Duston,4272.93,480.5939999999999,1114619.4320999999,0.48520765047704073
TC-21295,Toby Carlisle,4266.812,606.3727000000001,1118886.2440999998,0.4870650466123716
AS-10225,Alan Schoenberger,4260.784,719.7750999999998,1123147.0280999998,0.48891981868460715
FH-14275,Frank Hawley,4256.272,1073.2676,1127403.3000999999,0.49077262662733284
CB-12535,Claudia Bergmann,4246.4555,1049.5600999999997,1131649.7555999998,0.4926211613259684
TH-21550,Tracy Hopkins,4234.0960000000005,-571.9678,1135883.8515999997,0.4944643157811025
BE-11335,Bill Eplett,4204.676,1487.7739000000001,1140088.5275999997,0.496294663345682
JF-15565,Jill Fjeld,4198.332,1073.2087999999999,1144286.8595999996,0.49812224928845045
GH-14425,Gary Hwang,4172.8460000000005,1176.4180999999999,1148459.7055999995,0.499938740859612
RS-19765,Roland Schwarz,4159.7699999999995,1206.3851,1152619.4755999995,0.5017495402859438
MY-18295,Muhammed Yedwab,4152.696,-371.7111,1156772.1715999995,0.5035572603124188
PM-19135,Peter McVee,4115.662,526.7537000000002,1160887.8335999995,0.5053488589797911
SV-20785,Stewart Visinsky,4105.305,485.0271999999998,1164993.1385999995,0.5071359491167257
DM-13345,Denise Monton,4074.4720000000007,1319.0585999999998,1169067.6105999995,0.5089096172666967
FP-14320,Frank Preis,4046.746,406.44729999999976,1173114.3565999996,0.510671215945304
SP-20920,Susan Pistek,3990.689,14.692399999999838,1177105.0455999996,0.5124084123171871
CM-12715,Craig Molinari,3984.4524,176.31079999999972,1181089.4979999997,0.5141428938198102
MP-17965,Michael Paige,3983.6420000000003,638.1563,1185073.1399999997,0.5158770225452712
SC-20305,Sean Christensen,3979.065,229.16170000000002,1189052.2049999996,0.5176091588459169
SJ-20125,Sanjit Jacobs,3949.656,144.1189,1193001.8609999996,0.5193284930444441
LF-17185,Luke Foster,3930.508999999999,-3583.977000000001,1196932.3699999996,0.5210394923166134
PW-19240,Pierre Wener,3922.4150000000004,1290.354,1200854.7849999997,0.5227469681702868
GA-14515,George Ashbrook,3919.7760000000003,840.8989999999998,1204774.5609999998,0.5244532952345593
KH-16630,Ken Heidel,3918.9660000000003,727.3785999999999,1208693.5269999998,0.5261592696957949
CC-12220,Chris Cortes,3913.4179999999997,393.9617999999999,1212606.9449999998,0.5278628290438829
DB-13555,Dorothy Badders,3908.8028,109.32699999999997,1216515.7477999998,0.5295643793382222
NP-18670,Nora Paige,3908.402,514.6001999999999,1220424.1497999998,0.531265755159355
KC-16540,Kelly Collister,3908.262,709.4218999999996,1224332.4118,0.5329670700367531
FC-14335,Fred Chung,3889.366,714.2925999999999,1228221.7777999998,0.5346601592512035
BS-11380,Bill Stewart,3887.8340000000003,-17.532200000000017,1232109.6117999998,0.5363525815670702
JS-15880,John Stevenson,3868.02,564.9798,1235977.6317999999,0.538036378603214
RA-19885,Ruben Ausman,3832.3140000000003,1292.8656,1239809.9457999999,0.5397046323751108
AT-10735,Annie Thurman,3831.864,974.107,1243641.8098,0.5413726902564314
OT-18730,Olvera Toch,3818.6240000000003,-925.1203000000002,1247460.4338,0.5430349846016901
RO-19780,Rose O'Brian,3815.478,-1262.5715999999998,1251275.9118,0.5446959094541655
MC-17845,Michael Chen,3805.714,698.4173999999998,1255081.6257999998,0.5463525839164513
MM-17920,Michael Moore,3794.08,82.12499999999991,1258875.7057999999,0.5480041939543756
CA-11965,Carol Adams,3789.7228,1143.3817000000001,1262665.4286,0.5496539072491483
MG-17650,Matthew Grinstein,3785.276,341.8979999999999,1266450.7046,0.5513016847967789
MD-17350,Maribeth Dona,3766.382,-241.94999999999993,1270217.0866,0.5529412375520866
JK-15625,Jim Karlsson,3760.028,750.9484999999999,1273977.1146,0.5545780243324593
JK-16090,Juliana Krohn,3747.668,586.6624999999998,1277724.7826,0.5562094306516745
FM-14290,Frank Merwin,3736.1979999999994,198.10949999999985,1281460.9806000001,0.5578358439377605
SC-20260,Scott Cohen,3729.7929999999997,671.0033999999999,1285190.7736000002,0.5594594690479796
HG-15025,Hunter Glantz,3690.284,804.6112999999999,1288881.0576000002,0.5610658954009273
BP-11185,Ben Peterman,3675.8610000000003,363.5990999999998,1292556.9186000002,0.562666043243254
LP-17095,Liz Preis,3653.399,338.44539999999984,1296210.3176000002,0.5642564130986453
CS-12400,Christopher Schild,3651.8585000000003,-342.80330000000015,1299862.1761000003,0.5658461123552976
EB-13705,Ed Braxton,3644.978,13.621499999999905,1303507.1541000002,0.567432816445041
JP-15520,Jeremy Pistek,3635.594,757.1801999999999,1307142.7481000002,0.5690154355633035
SZ-20035,Sam Zeldin,3625.329,366.43029999999993,1310768.0771,0.5705935861998684
RH-19495,Rick Hansen,3621.3759999999997,563.7876999999999,1314389.4531,0.5721700160465502
TB-21175,Thomas Boland,3589.296,829.1635000000001,1317978.7491000001,0.5737324810717163
GM-14440,Gary McGarr,3582.8199999999997,347.2659999999999,1321561.5691000002,0.5752921270138356
DL-13495,Dionis Lloyd,3539.322,-52.78800000000001,1325100.8911000001,0.5768328377375542
ES-14020,Erica Smith,3510.458,1003.2935,1328611.3491000002,0.5783609836044079
RW-19690,Robert Waldorf,3495.646,707.5502999999998,1332106.9951000002,0.5798826816241203
AG-10675,Anna Gayman,3489.0396,-246.4257000000001,1335596.0347000002,0.5814015037960502
ED-13885,Emily Ducich,3484.92,670.4434999999997,1339080.9547000001,0.5829185326550523
PW-19030,Pauline Webber,3454.916,803.8168999999999,1342535.8707,0.5844225004010634
SF-20200,Sarah Foster,3422.7859999999996,286.90460000000013,1345958.6567000002,0.5859124815599391
FC-14245,Frank Carlisle,3418.742,1217.1662000000001,1349377.3987000003,0.587400702315504
SH-19975,Sally Hughsby,3406.8395,558.4739999999999,1352784.2382000003,0.5888837417653304
SG-20080,Sandra Glassco,3406.581,570.4379999999999,1356190.8192000003,0.5903666686869037
TS-21655,Trudy Schmidt,3368.094,220.91629999999992,1359558.9132000003,0.5918328417404695
SC-20020,Sam Craven,3362.9636,-317.0508000000001,1362921.8768000002,0.5932967814673424
VP-21760,Victoria Pisteka,3360.5260000000003,-1018.7768,1366282.4028000003,0.5947596600767302
DJ-13630,Doug Jacobs,3356.3979999999997,731.5643999999999,1369638.8008000003,0.5962207417165662
DV-13465,Dianna Vittorini,3341.5870000000004,353.21269999999987,1372980.3878000004,0.5976753759445735
SF-20965,Sylvia Foulston,3336.5350000000003,539.9352,1376316.9228000003,0.5991278109743794
DC-12850,Dan Campbell,3336.1680000000006,-1441.6312999999998,1379653.0908000004,0.6005800862445377
AP-10915,Arthur Prichep,3323.5560000000005,579.3112999999998,1382976.6468000005,0.6020268713548158
DK-13375,Dennis Kane,3318.486,377.07989999999995,1386295.1328000005,0.6034714494312695
KH-16330,Katharine Harms,3312.864,454.78709999999984,1389607.9968000005,0.6049135801814589
RF-19345,Randy Ferguson,3309.15,633.7072,1392917.1468000005,0.6063540941814265
RR-19525,Rick Reed,3302.262,721.6825999999999,1396219.4088000006,0.6077916097496424
BD-11605,Brian Dahlen,3288.471,634.8462999999999,1399507.8798000005,0.6092231219246685
BS-11665,Brian Stugart,3288.1100000000006,238.7367999999999,1402795.9898000006,0.6106544769519214
RW-19630,Rob Williams,3279.746,698.8324999999999,1406075.7358000006,0.6120821910263327
DL-12925,Daniel Lacy,3272.2,4.213200000000029,1409347.9358000006,0.6135066202334385
DK-12835,Damala Kotsonis,3256.48,881.1228,1412604.4158000005,0.6149242063297518
AS-10090,Adam Shillingsburg,3255.31,64.53739999999996,1415859.7258000006,0.616341283110567
JO-15145,Jack O'Briant,3254.949,581.4045,1419114.6748000006,0.617758202743609
AH-10075,Adam Hart,3250.337,281.1889999999999,1422365.0118000007,0.619173114715902
HG-14965,Henry Goldwyn,3247.642,-2797.9635000000007,1425612.6538000007,0.6205868535213
LC-16960,Lindsay Castell,3246.626,299.4802000000001,1428859.2798000006,0.6220001500493084
CT-11995,Carol Triggs,3241.898,161.22629999999978,1432101.1778000006,0.6234113884203304
EB-13750,Edward Becker,3236.314,-80.286,1435337.4918000007,0.6248201960069588
SR-20425,Sharelle Roach,3233.4810000000007,-3333.914400000001,1438570.9728000006,0.6262277703535825
LW-16990,Lindsay Williams,3230.308,662.8339,1441801.2808000005,0.6276339634539881
RS-19420,Ricardo Sperren,3221.29,633.4514,1445022.5708000006,0.6290362309072484
AS-10285,Alejandro Savely,3214.236,354.6276,1448236.8068000006,0.6304354276668998
MP-17470,Mark Packer,3206.132,600.2872999999998,1451442.9388000006,0.6318310966549312
CS-12355,Christine Sundaresam,3202.1620000000003,831.9431999999999,1454645.1008000006,0.6332250374527689
BT-11680,Brian Thompson,3196.752,447.74839999999983,1457841.8528000007,0.6346166232105692
DG-13300,Deirdre Greer,3195.818,562.7761,1461037.6708000007,0.6360078023865959
JL-15505,Jeremy Lonsdale,3173.874,591.7163000000002,1464211.5448000007,0.637389429067506
GM-14680,Greg Matthias,3163.628,35.48649999999999,1467375.1728000008,0.6387665955376538
JM-15250,Janet Martin,3159.122,19.823499999999967,1470534.2948000007,0.6401418004901661
CK-12205,Chloris Kastensmidt,3154.855,141.2831,1473689.1498000007,0.6415151479647043
KB-16240,Karen Bern,3152.6150000000002,763.9075999999998,1476841.7648000007,0.6428875203394858
MS-17770,Maxwell Schwartz,3144.678,280.85839999999996,1479986.4428000008,0.6442564376398169
RD-19900,Ruben Dartt,3133.924,455.5291999999999,1483120.366800001,0.645620673590691
TN-21040,Tanja Norvell,3130.221,-692.0452,1486250.5878000008,0.6469832975797796
SN-20710,Steve Nguyen,3127.9592,481.74989999999997,1489378.5470000007,0.6483449369793014
SG-20605,Speros Goranitis,3124.832,463.26899999999995,1492503.3790000007,0.649705215069913
KH-16360,Katherine Hughes,3100.612,528.2051,1495603.9910000006,0.6510549498944049
PG-18820,Patrick Gardner,3086.907,137.46129999999988,1498690.8980000005,0.6523987187625729
EH-14125,Eugene Hildebrand,3082.6530000000002,96.27019999999993,1501773.5510000004,0.653740635811828
GM-14455,Gary Mitchum,3078.6240000000003,793.2813999999998,1504852.1750000005,0.6550807989874582
EB-14110,Eugene Barchas,3071.1259999999997,184.76559999999995,1507923.3010000004,0.6564176981907777
MG-18145,Mike Gockenbach,3061.5429999999997,-93.6030000000001,1510984.8440000005,0.6577504257954505
TG-21310,Toby Gnade,3058.3720000000003,682.1704,1514043.2160000005,0.6590817730245303
KT-16465,Kean Takahito,3057.1,254.00319999999982,1517100.3160000006,0.6604125665362482
SS-20410,Shahid Shariari,3056.807,-1010.9738000000004,1520157.1230000006,0.6617432325014354
SL-20155,Sara Luxemburg,3053.012,527.9715,1523210.1350000007,0.6630722464560974
AS-10045,Aaron Smayling,3050.692,-253.5746000000003,1526260.8270000007,0.6644002504860113
CA-12775,Cynthia Arntzen,3041.566,204.4895,1529302.3930000009,0.6657242818550414
CS-11950,Carlos Soltero,3036.547,-126.42230000000013,1532338.9400000009,0.667046128391179
LS-16975,Lindsay Shagiari,2988.674,262.6366999999999,1535327.614000001,0.6683471352172037
MH-18025,Michelle Huthwaite,2984.948,476.9032000000001,1538312.562000001,0.6696465200692581
FA-14230,Frank Atkinson,2984.054,520.5229,1541296.616000001,0.6709455157520345
DB-13120,David Bremer,2973.094,-1421.7692000000002,1544269.7100000011,0.6722397404110013
NS-18640,Noel Staavos,2964.823,-234.7714000000001,1547234.5330000012,0.673530364601179
TM-21010,Tamara Manning,2955.2259999999997,573.3012999999999,1550189.7590000012,0.6748168110983365
CK-12325,Christine Kargatis,2945.321,261.2208999999999,1553135.0800000012,0.6760989458262572
TH-21115,Thea Hudgings,2942.772,-252.55389999999997,1556077.8520000014,0.6773799709428923
LT-17110,Liz Thompson,2936.252,320.9729999999999,1559014.1040000014,0.6786581578227355
BC-11125,Becky Castell,2933.6760000000004,251.5974,1561947.7800000014,0.6799352233378585
JK-16120,Julie Kriz,2932.484,122.6566,1564880.2640000014,0.681211769960611
SW-20455,Shaun Weien,2921.544,793.6547999999999,1567801.8080000014,0.6824835542658015
ML-17410,Maris LaWare,2921.5,-76.1755,1570723.3080000014,0.683755319417247
RD-19585,Rob Dowd,2912.8940000000002,734.5158,1573636.2020000014,0.6850233382702522
CY-12745,Craig Yedwab,2900.0260000000003,60.64669999999981,1576536.2280000015,0.686285755523405
ND-18460,Neil Ducich,2893.4550000000004,443.3367999999998,1579429.6830000016,0.6875453123388339
MT-17815,Meg Tillman,2890.139,509.0068000000001,1582319.8220000016,0.6888034256583729
BF-11020,Barry Französisch,2888.5060000000003,302.02,1585208.3280000016,0.6900608281127768
DS-13180,David Smith,2881.8128,163.69929999999994,1588090.1408000016,0.6913153169342827
PV-18985,Paul Van Hugh,2876.046,434.5284000000001,1590966.1868000017,0.6925672953962899
IM-15055,Ionia McGrath,2872.6300000000006,975.7700999999998,1593838.8168000015,0.6938177868311681
CC-12430,Chuck Clark,2870.05,424.65829999999977,1596708.8668000016,0.6950671551600766
CC-12685,Craig Carroll,2854.1150000000002,850.1591000000001,1599562.9818000016,0.6963095867860282
AW-10930,Arthur Wiediger,2852.9680000000003,-104.54860000000016,1602415.9498000017,0.6975515191086669
EA-14035,Erin Ashbrook,2846.705,-52.74060000000006,1605262.6548000018,0.6987907250697983
LS-16945,Linda Southworth,2845.2700000000004,-318.7737000000002,1608107.9248000018,0.7000293063576482
DB-12970,Darren Budd,2839.2272,213.00289999999984,1610947.1520000019,0.7012652571397793
JM-16195,Justin MacKendrick,2833.926,754.1143999999999,1613781.0780000018,0.7024989002438611
CV-12295,Christina VanderZanden,2830.628,493.0861,1616611.7060000019,0.7037311076876762
TS-21610,Troy Staebel,2820.424,-294.6981000000002,1619432.130000002,0.7049588732038495
GH-14410,Gary Hansen,2819.467,-576.8335000000001,1622251.597000002,0.7061862221260643
BG-11035,Barry Gonzalez,2798.948,-711.4274,1625050.545000002,0.7074046388733202
TB-21625,Trudy Brown,2797.668,379.8819999999997,1627848.213000002,0.708622498420715
RD-19660,Robert Dilbeck,2786.632,835.7719999999999,1630634.845000002,0.7098355538605584
JC-15775,John Castell,2772.0550000000003,279.5692,1633406.900000002,0.7110422637516726
PF-19165,Philip Fox,2770.0,196.87389999999976,1636176.900000002,0.7122480790758224
EB-13870,Emily Burns,2767.219,261.53149999999994,1638944.119000002,0.7134526837962119
CS-12250,Chris Selesnick,2754.216,738.3625999999999,1641698.335000002,0.7146516281495761
MM-18055,Michelle Moray,2749.881,-520.3443000000001,1644448.216000002,0.7158486854237236
KB-16585,Ken Black,2744.742,579.3551,1647192.9580000022,0.7170435056274918
LL-16840,Lauren Leatherbury,2741.2039999999997,560.0077999999999,1649934.162000002,0.7182367856960191
MC-17275,Marc Crier,2725.982,461.0013999999998,1652660.1440000022,0.7194234394393249
JL-15850,John Lucas,2725.256,779.9046,1655385.4000000022,0.7206097771458344
ML-17395,Marina Lichtenstein,2722.843,684.9162,1658108.2430000023,0.7217950644435436
JK-15370,Jay Kimmel,2709.632,330.28379999999987,1660817.8750000023,0.7229746008292499
JE-16165,Justin Ellison,2697.248,789.6475999999999,1663515.1230000022,0.7241487463063014
BT-11530,Bradley Talbott,2684.492,409.4983,1666199.6150000023,0.7253173389384884
BO-11350,Bill Overfelt,2682.728,278.777,1668882.3430000022,0.7264851636796168
FO-14305,Frank Olsen,2678.438,215.59689999999978,1671560.7810000023,0.7276511209305863
NH-18610,Nicole Hansen,2673.29,760.1665999999998,1674234.0710000023,0.7288148371933648
RB-19435,Richard Bierner,2663.0860000000002,477.2399,1676897.1570000022,0.7299741115285016
EJ-14155,Eva Jacobs,2656.691,451.8754999999999,1679553.8480000023,0.7311306020408955
DK-13090,Dave Kipp,2650.557,536.3934999999999,1682204.4050000024,0.7322844223470806
CA-12265,Christina Anderson,2648.2872,279.61830000000003,1684852.6922000023,0.7334372545811997
LC-17140,Logan Currie,2633.582,231.12519999999998,1687486.2742000022,0.7345836854595409
RA-19285,Ralph Arnett,2617.906,546.0881999999999,1690104.1802000022,0.7357232923808347
KN-16390,Katherine Nockton,2617.272,-151.15179999999992,1692721.4522000023,0.7368626233140725
SO-20335,Sean O'Donnell,2602.5755,-81.08580000000003,1695324.0277000023,0.73799555667875
SU-20665,Stephanie Ulpright,2595.364,763.4719,1697919.3917000024,0.7391253507881173
HA-14920,Helen Andreada,2584.158,99.14449999999988,1700503.5497000024,0.7402502667868265
AG-10270,Alejandro Grove,2582.8979999999997,732.7398999999998,1703086.4477000025,0.7413746342919225
LC-16870,Lena Cacioppo,2580.704,-188.25110000000004,1705667.1517000024,0.7424980467216318
SC-20695,Steve Chapman,2576.408,611.8290999999998,1708243.5597000024,0.7436195890493077
NS-18505,Neola Schneider,2575.863,-12.304000000000006,1710819.4227000023,0.7447408941317303
BT-11305,Beth Thompson,2567.656,417.59180000000003,1713387.0787000023,0.7458586266053567
EM-13810,Eleni McCrary,2567.01,-133.82750000000033,1715954.0887000023,0.7469760778671785
MZ-17515,Mary Zewe,2564.906,787.7503,1718518.9947000023,0.7480926132317286
BS-11755,Bruce Stewart,2562.382,-113.29840000000004,1721081.3767000022,0.7492080498678029
DE-13255,Deanra Eno,2550.874,464.47140000000013,1723632.2507000023,0.7503184769288771
CC-12610,Corey Catlett,2540.631,331.43399999999986,1726172.8817000024,0.7514244450851263
AC-10615,Ann Chong,2537.6859999999997,298.82730000000004,1728710.5677000023,0.7525291312463828
CM-12160,Charles McCrossin,2533.314,-394.36860000000024,1731243.8817000024,0.7536319142218642
HF-14995,Herbert Flentye,2533.164,-13.876800000000088,1733777.0457000025,0.7547346319004868
FM-14380,Fred McMath,2523.266,191.4898,1736300.3117000025,0.7558330408570596
JB-16045,Julia Barnett,2518.115,201.5185,1738818.4267000025,0.7569292075195042
JS-16030,Joy Smith,2516.494,-311.2575,1741334.9207000025,0.7580246685405624
DJ-13510,Don Jones,2501.688,345.2520999999999,1743836.6087000025,0.7591136843263537
AH-10465,Amy Hunt,2495.3916,-196.12010000000024,1746332.0003000025,0.7601999592112038
PO-18865,Patrick O'Donnell,2493.214,437.8533,1748825.2143000024,0.7612852861597904
NZ-18565,Nick Zandusky,2488.31,402.4236000000001,1751313.5243000025,0.7623684783364097
MN-17935,Michael Nguyen,2477.9460000000004,290.82270000000005,1753791.4703000025,0.7634471589354046
BP-11290,Beth Paige,2475.157,-319.0637000000001,1756266.6273000024,0.7645246254481398
CC-12145,Charles Crestani,2471.65,392.28249999999974,1758738.2773000023,0.7656005653203185
NC-18340,Nat Carroll,2461.404,580.3074999999999,1761199.6813000024,0.7666720449817351
FM-14215,Filia McAdams,2456.638,249.68080000000003,1763656.3193000024,0.7677414499442943
MH-17455,Mark Hamilton,2456.1820000000002,484.77329999999995,1766112.5013000024,0.7688106564044029
BS-11590,Brendan Sweed,2454.9280000000003,381.7807,1768567.4293000025,0.7698793169827729
VM-21685,Valerie Mitchum,2454.866,513.5269,1771022.2953000024,0.7709479505717745
GZ-14545,George Zrebassa,2454.622,828.6610000000001,1773476.9173000024,0.7720164779445526
MA-17995,Michelle Arnett,2453.2840000000006,280.7822,1775930.2013000024,0.773084422869351
BP-11095,Bart Pistole,2442.044,433.9750999999999,1778372.2453000024,0.7741474748828703
MC-17590,Matt Collister,2426.0669999999996,288.9841000000001,1780798.3123000024,0.7752035719103122
TH-21100,Thea Hendricks,2422.824,-135.21250000000018,1783221.1363000025,0.776258257219669
MH-17290,Marc Harrigan,2394.025,28.761199999999995,1785615.1613000024,0.777300405967466
DF-13135,David Flashing,2390.534,-259.30969999999996,1788005.6953000023,0.7783410350397048
XP-21865,Xylona Preis,2374.658,621.23,1790380.3533000024,0.7793747530924178
CK-12595,Clytie Kelty,2372.75,497.7097999999999,1792753.1033000024,0.7804076405690881
JF-15415,Jennifer Ferguson,2371.448,635.6375999999999,1795124.5513000025,0.7814399612690247
CV-12805,Cynthia Voltz,2370.3136,98.99749999999982,1797494.8649000025,0.7824717881505846
NR-18550,Nick Radford,2367.277,-25.14880000000005,1799862.1419000025,0.7835022931625367
JG-15115,Jack Garza,2358.676,684.1911,1802220.8179000025,0.7845290540526106
AG-10495,Andrew Gjertsen,2356.855,295.6668000000001,1804577.6729000024,0.7855550222388197
CL-12700,Craig Leslie,2353.586,229.00989999999982,1806931.2589000023,0.7865795673888213
MG-17680,Maureen Gastineau,2350.188,25.8886,1809281.4469000024,0.7876026333473171
RF-19735,Roland Fjeld,2341.2960000000003,711.6168,1811622.7429000025,0.7886218285080285
EM-13825,Elizabeth Moffitt,2339.598,682.5541999999999,1813962.3409000025,0.7896402845082995
DB-13210,Dean Braden,2332.5769999999998,169.9679,1816294.9179000026,0.7906556841802704
CM-12235,Chris McAfee,2305.712,365.03869999999995,1818600.6299000026,0.7916593891848467
MK-17905,Michael Kennedy,2302.368,-405.35589999999996,1820902.9979000026,0.7926616385047862
LH-16900,Lena Hernandez,2295.332,526.0726999999999,1823198.3299000026,0.7936608249667397
KN-16705,Kristina Nunn,2280.58,329.7625,1825478.9099000026,0.7946535897002956
JF-15190,Jamie Frazer,2279.5860000000002,575.1259,1827758.4959000025,0.7956459217333344
FH-14350,Fred Harton,2271.284,706.289,1830029.7799000025,0.7966346398029
CC-12670,Craig Carreira,2269.7015,187.83989999999986,1832299.4814000025,0.797622668990606
BE-11410,Bobby Elias,2261.438,755.9150999999997,1834560.9194000026,0.7986071009743659
KM-16225,Kalyca Meade,2260.958,635.1057,1836821.8774000027,0.799591324008178
MC-17605,Matt Connell,2258.192,195.44859999999989,1839080.0694000027,0.8005743429679154
JH-16180,Justin Hirsh,2256.3940000000002,-96.95299999999999,1841336.4634000028,0.8015565792359731
MY-17380,Maribeth Yedwab,2254.2850000000003,319.12109999999996,1843590.7484000027,0.8025378974301973
KD-16615,Ken Dana,2243.51,539.7219,1845834.2584000027,0.8035145251334044
TS-21505,Tony Sayre,2243.274,11.377900000000011,1848077.5324000027,0.804491050102887
JG-15310,Jason Gross,2240.58,3.7975999999999246,1850318.1124000028,0.8054664023407873
LW-16825,Laurel Workman,2238.061,32.576699999999896,1852556.1734000028,0.8064406580267737
AR-10405,Allen Rosenblatt,2236.1279999999997,-98.76459999999983,1854792.3014000028,0.8074140722539075
GG-14650,Greg Guthrie,2224.0,12.69849999999991,1857016.3014000028,0.8083822070123584
NC-18415,Nathan Cano,2218.99,-2204.8072,1859235.2914000028,0.8093481608557286
MC-18100,Mick Crebagga,2218.98,-64.16680000000007,1861454.2714000028,0.8103141103459749
DP-13105,Dave Poirier,2215.0020000000004,563.1761,1863669.2734000029,0.8112783281635282
PF-19225,Phillip Flathmann,2206.128,591.3118000000001,1865875.401400003,0.8122386830189202
MH-17785,Maya Herman,2203.7780000000002,238.56140000000008,1868079.1794000028,0.8131980148901926
JL-15235,Janet Lee,2203.7000000000003,54.517399999999846,1870282.8794000028,0.8141573128070984
JR-16210,Justin Ritter,2201.686,452.3729999999999,1872484.5654000028,0.8151157340048479
EN-13780,Edward Nazzal,2199.366,496.1130999999999,1874683.9314000027,0.8160731452778494
TB-21280,Toby Braunhardt,2198.45,490.9566999999999,1876882.3814000026,0.8170301578047003
GW-14605,Giulietta Weimer,2189.019,-268.54230000000007,1879071.4004000027,0.8179830649003882
BT-11395,Bill Tyler,2186.6130000000003,257.91629999999986,1881258.0134000026,0.8189349246344623
PS-18760,Pamela Stobb,2181.479,-134.44099999999992,1883439.4924000027,0.819884549474719
SH-20395,Shahid Hopkins,2180.718,-144.5229000000002,1885620.2104000028,0.8208338430422459
KN-16450,Kean Nguyen,2171.962,114.3082999999999,1887792.1724000028,0.8217793250144738
DB-12910,Daniel Byrd,2171.599,431.3747999999999,1889963.7714000028,0.8227246489683036
RP-19855,Roy Phan,2170.716,594.5867999999999,1892134.4874000028,0.8236695885412918
TS-21160,Theresa Swint,2163.624,260.8744,1894298.1114000028,0.8246114408788003
HA-14905,Helen Abelman,2163.3,270.8574000000001,1896461.411400003,0.825553152175094
EJ-13720,Ed Jacobs,2162.174,387.0176,1898623.585400003,0.8264943733096349
NM-18520,Neoma Murray,2161.979,788.9525,1900785.564400003,0.8274355095582596
JD-15790,John Dryer,2152.352,-266.5525,1902937.916400003,0.8283724550544923
CR-12580,Clay Rozendal,2148.852,74.40130000000002,1905086.768400003,0.8293078769573551
DN-13690,Duane Noonan,2139.79,540.5405,1907226.558400003,0.8302393540593273
KC-16255,Karen Carlisle,2120.954,846.1217,1909347.512400003,0.831162631617095
SH-20635,Stefanie Holloman,2096.3920000000003,260.6258000000001,1911443.904400003,0.8320752170319056
LC-17050,Liz Carlisle,2095.064,86.77799999999998,1913538.968400003,0.8329872243518603
RH-19600,Rob Haberlin,2085.7400000000002,172.62609999999984,1915624.708400003,0.8338951728190778
TG-21640,Trudy Glocke,2074.661,365.7205000000001,1917699.369400003,0.8347982984603111
ML-17755,Max Ludwig,2071.9139999999998,409.5111999999998,1919771.283400003,0.8357002282984052
RB-19705,Roger Barcio,2067.45,243.07549999999986,1921838.733400003,0.8366002149019841
TS-21430,Tom Stivers,2054.14,48.70169999999998,1923892.873400003,0.8374944074976336
AF-10870,Art Ferguson,2052.908,317.97120000000007,1925945.781400003,0.838388063788417
CD-11920,Carlos Daly,2033.968,426.66100000000006,1927979.749400003,0.8392734752625074
NF-18595,Nicole Fjeld,2031.4720000000002,388.2130999999999,1930011.2214000032,0.840157800196869
DJ-13420,Denny Joy,2012.52,483.03499999999997,1932023.7414000032,0.8410338750907889
VB-21745,Victoria Brennan,2005.596,371.23979999999995,1934029.337400003,0.8419069358817107
HP-14815,Harold Pawlan,1990.3139999999999,373.8636999999998,1936019.6514000031,0.8427733442286675
DB-13615,Doug Bickford,1989.05,438.8012,1938008.7014000032,0.8436392023407614
PG-18895,Paul Gonzalez,1987.1640000000002,334.5163,1939995.8654000033,0.8445042394536852
NB-18655,Nona Balk,1972.599,117.64289999999988,1941968.4644000032,0.8453629362416285
SW-20275,Scott Williamson,1966.65,332.8725,1943935.114400003,0.8462190433561553
LD-17005,Lisa DeCherney,1961.934,557.1714000000001,1945897.048400003,0.8470730975374443
CB-12415,Christy Brittain,1949.1999999999998,272.3883,1947846.248400003,0.8479216084507413
TP-21565,Tracy Poddar,1936.6400000000003,139.2286999999999,1949782.8884000028,0.8487646518404025
JO-15280,Jas O'Carroll,1934.272,202.13619999999995,1951717.160400003,0.849606664410321
JF-15355,Jay Fein,1911.844,330.199,1953629.004400003,0.8504389137939253
ME-17725,Max Engle,1908.4532,77.81280000000001,1955537.457600003,0.851269687120273
SV-20935,Susan Vittorini,1903.491,106.89120000000001,1957440.948600003,0.852098300339472
KD-16345,Katherine Ducich,1888.964,328.59419999999994,1959329.912600003,0.8529205897755613
GD-14590,Giulietta Dortch,1888.07,230.93729999999994,1961217.982600003,0.8537424900423727
SG-20470,Sheri Gordon,1884.7979999999998,-119.01049999999998,1963102.780600003,0.8545629659670395
LR-17035,Lisa Ryan,1879.306,-382.80790000000025,1964982.086600003,0.8553810511560528
SC-20440,Shaun Chance,1874.998,379.5610999999998,1966857.084600003,0.856197261019284
BG-11695,Brooke Gillingham,1874.1719999999998,107.5714999999998,1968731.256600003,0.8570131113144799
SP-20650,Stephanie Phelps,1872.4360000000001,268.4781999999999,1970603.692600003,0.8578282059073643
NG-18355,Nat Gilpin,1869.58,313.6334999999999,1972473.272600003,0.8586420572480589
CD-12790,Cynthia Delaney,1860.732,403.8421999999999,1974334.0046000031,0.8594520569447146
SN-20560,Skye Norling,1860.4179999999997,-716.8565000000001,1976194.4226000032,0.8602619199532793
PR-18880,Patrick Ryan,1840.178,247.6225999999999,1978034.6006000033,0.8610629722390423
AJ-10945,Ashley Jarboe,1839.24,521.1351999999999,1979873.8406000033,0.8618636162017822
PC-18745,Pamela Coakley,1832.064,272.6849999999999,1981705.9046000033,0.8626611363628014
EG-13900,Emily Grady,1832.02,104.26559999999994,1983537.9246000033,0.8634586373700754
PJ-19015,Pauline Johnson,1824.2340000000002,682.9979000000001,1985362.1586000032,0.8642527490350701
NC-18625,Noah Childs,1821.7420000000002,-359.02100000000013,1987183.9006000033,0.8650457759015854
JM-15265,Janet Molinari,1804.146,502.61429999999996,1988988.0466000033,0.8658311430112619
JB-15400,Jennifer Braxton,1791.605,156.05319999999983,1990779.6516000032,0.8666110508682379
AA-10480,Andrew Allen,1790.512,435.82739999999995,1992570.1636000033,0.8673904829287701
CC-12100,Chad Cunningham,1770.9450000000002,208.59119999999987,1994341.1086000034,0.86816139723174
DS-13030,Darrin Sayre,1762.213,193.33190000000002,1996103.3216000034,0.8689285103869082
MF-18250,Monica Federle,1758.3,456.8607999999999,1997861.6216000034,0.869693920164689
AH-10030,Aaron Hawkins,1744.7,365.2151999999999,1999606.3216000034,0.8704534096939469
LH-17155,Logan Haushalter,1739.689,316.52019999999993,2001346.0106000034,0.8712107178728115
BW-11200,Ben Wallace,1738.406,246.99729999999997,2003084.4166000034,0.871967467545878
VT-21700,Valerie Takahito,1736.596,-224.0889000000001,2004821.0126000033,0.8727234293035159
AH-10120,Adrian Hane,1735.5140000000001,-2.3146000000000413,2006556.5266000032,0.8734789200531464
MV-18190,Mike Vittorini,1734.574,273.85819999999995,2008291.1006000033,0.8742340016091291
JM-15535,Jessica Myrick,1733.4430000000002,356.5394999999999,2010024.5436000032,0.8749885908267971
BE-11455,Brad Eason,1727.652,139.2007999999999,2011752.1956000032,0.8757406591504066
DB-13405,Denny Blanton,1711.692,438.9091999999999,2013463.8876000033,0.8764857798882494
JP-16135,Julie Prescott,1707.71,309.7116,2015171.5976000032,0.8772291672121497
TZ-21580,Tracy Zic,1707.286,224.88869999999991,2016878.8836000033,0.8779723699635962
BP-11155,Becky Pak,1697.8609999999999,647.3847000000001,2018576.7446000034,0.8787114698957538
DK-12985,Darren Koutras,1687.04,-107.35379999999995,2020263.7846000034,0.8794458593125241
MO-17800,Meg O'Connel,1687.027,169.34369999999996,2021950.8116000034,0.8801802430702333
RA-19945,Ryan Akin,1686.9225000000001,-445.6949999999999,2023637.7341000035,0.8809145813377978
KE-16420,Katrina Edelman,1686.7312,397.87989999999996,2025324.4653000035,0.8816488363301016
CA-12055,Cathy Armstrong,1679.7240000000002,211.25589999999994,2027004.1893000035,0.8823800410014164
CM-11815,Candace McMahon,1673.8880000000001,214.46299999999997,2028678.0773000035,0.8831087051896153
JP-15460,Jennifer Patt,1669.135,429.7465000000001,2030347.2123000035,0.8838353003380177
CM-12115,Chad McGuire,1661.6100000000001,409.0679,2032008.8223000036,0.8845586197606751
CC-12475,Cindy Chapman,1659.438,154.85099999999989,2033668.2603000037,0.8852809936848183
EB-13975,Erica Bern,1643.255,162.8780999999999,2035311.5153000036,0.8859963229485316
AP-10720,Anne Pryor,1638.554,285.7887999999999,2036950.0693000036,0.886709605808693
AZ-10750,Annie Zypern,1622.018,154.95029999999997,2038572.0873000035,0.8874156903431503
MS-17710,Maurice Satty,1613.402,247.43479999999994,2040185.4893000035,0.8881180242260435
TB-21250,Tim Brockman,1602.3760000000002,260.61549999999994,2041787.8653000034,0.8888155583545091
CR-12730,Craig Reiter,1600.55,306.9175999999999,2043388.4153000035,0.8895122976025481
AH-10195,Alan Haines,1587.4520000000002,-378.5508999999999,2044975.8673000035,0.8902033351288847
BF-11215,Benjamin Farhat,1585.162,523.2133,2046561.0293000035,0.8908933757898451
CK-12760,Cyma Kinney,1582.109,-338.43110000000013,2048143.1383000035,0.8915820874420745
MC-18130,Mike Caudle,1581.9979999999998,121.75650000000007,2049725.1363000034,0.8922707507746284
JL-15175,James Lanier,1571.5230000000001,209.28169999999983,2051296.6593000034,0.8929548542098825
KB-16315,Karl Braun,1569.4640000000002,49.7192999999999,2052866.1233000034,0.8936380613369227
GB-14530,George Bell,1568.44,7.837099999999959,2054434.5633000033,0.8943208227040742
ON-18715,Odella Nelson,1567.52,-5.889000000000095,2056002.0833000033,0.8950031835838256
MV-17485,Mark Van Huff,1560.05,189.02579999999992,2057562.1333000034,0.8956822926800133
MB-17305,Maria Bertelson,1548.702,212.42499999999998,2059110.8353000034,0.8963564618511837
BD-11620,Brian DeCherney,1538.1100000000001,206.75689999999997,2060648.9453000035,0.8970260201935043
CH-12070,Cathy Hwang,1537.236,195.15109999999981,2062186.1813000035,0.8976951980727949
BD-11725,Bruce Degenhardt,1526.5,333.9791,2063712.6813000035,0.8983597024382515
BV-11245,Benjamin Venier,1523.2730000000001,315.2214,2065235.9543000036,0.899022802050621
KA-16525,Kelly Andreada,1519.506,234.91939999999997,2066755.4603000036,0.8996842618412123
AB-10600,Ann Blume,1515.862,-274.96040000000016,2068271.3223000036,0.9003441353534493
JG-15805,John Grady,1507.018,206.10190000000003,2069778.3403000035,0.9010001589628968
DL-12865,Dan Lawera,1503.112,322.2448999999999,2071281.4523000035,0.9016544822421435
ZD-21925,Zuschuss Donatelli,1493.9440000000002,249.13069999999993,2072775.3963000034,0.902304814577386
CM-12190,Charlotte Melton,1475.144,91.20330000000001,2074250.5403000035,0.9029469630396705
LE-16810,Laurel Elliston,1469.45,161.7649,2075719.9903000034,0.9035866328331982
TB-21055,Ted Butterfield,1467.881,390.2113,2077187.8713000035,0.904225619621584
PN-18775,Parhena Norris,1467.152,192.03959999999998,2078655.0233000035,0.9048642890672364
RK-19300,Ralph Kennedy,1460.192,269.688,2080115.2153000035,0.9054999287386447
BN-11515,Bradley Nguyen,1459.344,340.70539999999994,2081574.5593000036,0.9061351992651451
DL-13315,Delfina Latchford,1458.258,288.8732,2083032.8173000035,0.9067699970423885
PB-19150,Philip Brown,1456.95,280.66059999999993,2084489.7673000034,0.9074042254310238
AG-10525,Andy Gerbode,1455.038,-152.76130000000006,2085944.8053000034,0.9080376215023669
RM-19375,Raymond Messe,1453.474,392.1499,2087398.2793000033,0.9086703367451299
PK-18910,Paul Knutson,1441.1520000000003,-798.7050000000003,2088839.4313000033,0.9092976880686061
TD-20995,Tamara Dahlen,1434.548,88.18969999999999,2090273.9793000033,0.9099221645890496
JW-16075,Julia West,1428.731,154.06369999999993,2091702.7103000032,0.9105441088973124
MB-18085,Mick Brown,1428.2310000000002,117.80569999999997,2093130.941300003,0.9111658355493795
TT-21220,Thomas Thornton,1427.0439999999999,278.73709999999994,2094557.985300003,0.9117870454856379
CA-12310,Christine Abelman,1421.954,246.02179999999998,2095979.939300003,0.9124060396818243
RD-19720,Roger Demir,1419.737,207.3304,2097399.676300003,0.9130240687904391
NL-18310,Nancy Lomonaco,1418.0900000000001,343.63809999999995,2098817.766300003,0.913641380939545
JS-15595,Jill Stevenson,1417.654,-175.54899999999998,2100235.420300003,0.9142585032924484
PM-18940,Paul MacIntyre,1405.402,157.87679999999992,2101640.822300003,0.9148702921979324
GA-14725,Guy Armstrong,1398.382,136.7079,2103039.204300003,0.915479025210429
CR-12820,Cyra Reiten,1397.8724,83.27029999999996,2104437.0767000034,0.916087536387731
NG-18430,Nathan Gelder,1395.9379999999999,217.08929999999998,2105833.0147000034,0.916695205496743
JE-15475,Jeremy Ellison,1388.682,276.21969999999993,2107221.6967000035,0.917299715979043
TB-21595,Troy Blackwell,1387.559,-136.4091,2108609.2557000034,0.9179037376055275
FG-14260,Frank Gastineau,1383.144,394.73969999999997,2109992.399700003,0.9185058373278039
DM-13525,Don Miller,1376.792,199.7688,2111369.191700003,0.9191051719457702
GH-14485,Gene Hale,1361.2440000000004,-95.44980000000012,2112730.435700003,0.9196977383266753
SB-20170,Sarah Bern,1348.02,157.66579999999993,2114078.455700003,0.9202845481365166
LM-17065,Liz MacKendrick,1346.7740000000001,-44.878,2115425.2297000033,0.9208708155471184
MG-17695,Maureen Gnade,1342.2820000000002,-398.7932000000001,2116767.5117000034,0.921455127534458
SJ-20215,Sarah Jordon,1341.036,-23.51370000000003,2118108.5477000033,0.9220388971225578
BM-11785,Bryan Mills,1338.8419999999999,137.74389999999994,2119447.3897000034,0.9226217116352711
BF-11005,Barry Franz,1333.88,-291.3811000000001,2120781.2697000033,0.9232023661278981
SS-20140,Saphhira Shifley,1324.028,332.34869999999995,2122105.2977000033,0.9237787319228452
DM-12955,Dario Medina,1322.034,108.75829999999999,2123427.3317000032,0.9243542297048838
MT-18070,Michelle Tran,1319.4497999999999,-23.676300000000012,2124746.7815000033,0.9249286025526408
SJ-20500,Shirley Jackson,1318.776,68.09629999999989,2126065.5575000034,0.9255026820869083
MM-17260,Magdelene Morse,1314.0230000000001,178.40199999999987,2127379.5805000034,0.9260746925813795
SP-20545,Sibella Parks,1306.086,-118.77570000000009,2128685.6665000035,0.9266432480014004
MC-17575,Matt Collins,1303.893,210.74929999999992,2129989.5595000037,0.927210848781347
EK-13795,Eileen Kiefer,1303.478,97.10660000000001,2131293.037500004,0.927778268906651
Co-12640,Corey-Lock,1300.076,205.62820000000002,2132593.1135000037,0.9283442080991996
DO-13435,Denny Ordway,1300.0315,-38.90859999999999,2133893.1450000037,0.9289101279203467
HR-14770,Hallie Redmond,1299.288,185.5794,2135192.433000004,0.9294757240867308
GR-14560,Georgia Rosenberg,1284.3799999999999,359.83320000000003,2136476.813000004,0.9300348306159841
CS-11845,Cari Sayre,1278.9540000000002,185.37759999999986,2137755.7670000037,0.9305915751402017
PS-18970,Paul Stevenson,1278.639,198.50989999999996,2139034.4060000037,0.9311481825410161
SV-20815,Stuart Van,1271.0900000000001,199.6501999999999,2140305.4960000035,0.9317015037685876
DO-13645,Doug O'Connell,1267.316,294.06759999999997,2141572.8120000036,0.9322531821271943
CL-11890,Carl Ludwig,1262.0140000000001,328.08470000000005,2142834.8260000036,0.9328025524595017
LW-17125,Liz Willingham,1259.04,192.63119999999998,2144093.8660000036,0.9333506281727573
ME-18010,Michelle Ellison,1256.9440000000002,107.36039999999998,2145350.810000004,0.9338977914712404
GM-14500,Gene McClure,1255.682,441.3184999999999,2146606.492000004,0.9344444054054856
SC-20680,Steve Carroll,1254.64,370.1578,2147861.132000004,0.934990565744219
MH-17620,Matt Hagelstein,1252.8000000000002,122.36120000000005,2149113.9320000038,0.9355359251081522
ER-13855,Elpida Rittenbach,1245.7880000000002,-295.7398000000002,2150359.720000004,0.936078232061597
TC-21475,Tony Chapman,1244.976,119.10399999999996,2151604.6960000037,0.9366201855413798
JW-15955,Joni Wasserman,1244.086,-29.575900000000004,2152848.782000004,0.9371617515931345
MG-17875,Michael Grace,1242.833,-470.7684000000002,2154091.615000004,0.9377027721984628
NP-18685,Nora Pelletier,1228.698,514.5017,2155320.313000004,0.9382376396631387
PJ-18835,Patrick Jones,1220.0900000000001,442.1355,2156540.4030000037,0.9387687599587494
EH-14005,Erica Hernandez,1219.5300000000002,-94.14079999999993,2157759.9330000035,0.939299636479421
JL-15130,Jack Lebron,1214.956,-207.7956,2158974.889000003,0.9398285218812144
CD-12280,Christina DeMoss,1205.584,233.0274,2160180.473000003,0.9403533275352756
MD-17860,Michael Dominguez,1204.91,-4.040300000000045,2161385.383000003,0.9408778397887851
DW-13585,Dorothy Wardle,1204.854,-266.89660000000003,2162590.237000003,0.9414023276648007
EB-14170,Evan Bailliet,1186.326,282.17010000000005,2163776.563000003,0.9419187500728287
BP-11230,Benjamin Patterson,1181.49,-197.2695,2164958.053000003,0.9424330673101319
DC-13285,Debra Catini,1174.618,132.06820000000002,2166132.671000003,0.9429443930806813
AT-10435,Alyssa Tate,1171.814,100.87679999999999,2167304.4850000027,0.9434544982352854
JR-15670,Jim Radford,1156.6580000000001,-785.1645000000002,2168461.1430000025,0.9439580057952854
DB-13660,Duane Benoit,1155.202,177.6735,2169616.3450000025,0.9444608795404439
CG-12520,Claire Gute,1148.78,169.93439999999995,2170765.1250000023,0.9449609577094246
KC-16675,Kimberly Carter,1146.05,156.7797,2171911.175000002,0.9454598474755769
RD-19810,Ross DeVincentis,1137.616,318.4625,2173048.791000002,0.9459550658170202
CW-11905,Carl Weiss,1136.592,370.8298,2174185.3830000022,0.9464498383985748
JS-15685,Jim Sink,1131.064,-54.869200000000085,2175316.447000002,0.9469422045732296
DV-13045,Darrin Van Huff,1119.4830000000002,-427.1840000000001,2176435.930000002,0.94742952939508
AB-10165,Alan Barnes,1113.838,220.813,2177549.768000002,0.9479143968784808
TM-21490,Tony Molinari,1094.6779999999999,292.521,2178644.446000002,0.9483909237764626
JO-15550,Jesus Ocampo,1090.8380000000002,167.67089999999996,2179735.284000002,0.9488657790748615
SW-20245,Scot Wooten,1085.078,-19.60620000000001,2180820.362000002,0.9493381269738861
JF-15490,Jeremy Farry,1082.9180000000001,-18.067299999999978,2181903.280000002,0.9498095345981452
DB-13360,Dennis Bolton,1081.4660000000001,291.00849999999997,2182984.746000002,0.9502803101488121
DW-13195,David Wiener,1080.751,-86.87379999999997,2184065.4970000023,0.9507507744511191
CS-12490,Cindy Schnelling,1077.2285000000002,-302.8761000000001,2185142.7255000025,0.9512197053655275
PC-19000,Pauline Chand,1061.488,-184.33640000000008,2186204.2135000024,0.9516817842452391
DP-13165,David Philippe,1058.616,-40.93760000000006,2187262.8295000023,0.9521426129077626
JC-15385,Jenna Caffey,1058.1080000000002,502.92440000000005,2188320.9375000023,0.9526032204315913
PO-19195,Phillina Ober,1056.858,-49.70090000000004,2189377.7955000023,0.9530632838149308
AA-10375,Allen Armold,1056.39,277.3824,2190434.1855000025,0.9535231434720711
VS-21820,Vivek Sundaresam,1055.981,-262.80930000000006,2191490.1665000026,0.9539828250864435
AR-10345,Alex Russell,1055.694,-221.0544000000001,2192545.8605000027,0.9544423817661595
DP-13000,Darren Powers,1050.636,241.45239999999998,2193596.4965000027,0.9548997366357996
DH-13675,Duane Huffman,1043.096,116.667,2194639.5925000026,0.9553538092500088
SM-20905,Susan MacKendrick,1043.0410000000002,-237.28850000000003,2195682.633500003,0.9558078579220365
EM-14095,Eudokia Martin,1041.0420000000001,240.23619999999994,2196723.6755000027,0.9562610364045938
TC-21145,Theresa Coyne,1038.26,265.5332,2197761.9355000025,0.9567130038480781
MK-18160,Mike Kennedy,1031.602,227.83379999999997,2198793.5375000024,0.9571620729816606
TH-21235,Tiffany House,1022.2010000000001,92.72899999999998,2199815.7385000023,0.9576070497434517
SW-20350,Sean Wendt,1019.0440000000001,95.83829999999998,2200834.7825000025,0.9580506522240232
LS-17200,Luke Schmidt,1010.2560000000001,244.19699999999997,2201845.0385000026,0.9584904291792992
RB-19330,Randy Bradley,1008.1959999999999,-164.40619999999996,2202853.2345000026,0.9589293093910488
LS-17245,Lynn Smith,1008.1360000000001,348.3584,2203861.3705000025,0.9593681634840551
BG-11740,Bruce Geld,1006.356,119.34789999999997,2204867.7265000027,0.9598062427210046
VP-21730,Victor Preis,993.902,205.38879999999995,2205861.6285000024,0.9602389005774317
KB-16600,Ken Brennan,983.9219999999999,293.55240000000003,2206845.550500002,0.9606672140161926
BP-11050,Barry Pond,983.42,209.78300000000002,2207828.970500002,0.9610953089281332
TS-21340,Toby Swindell,974.782,-184.97889999999998,2208803.7525000023,0.961519643611637
RD-19930,Russell D'Ascenzo,970.9420000000001,35.057400000000015,2209774.694500002,0.9619423066955578
AB-10150,Aimee Bixby,966.71,313.6597,2210741.404500002,0.9623631275374382
RC-19825,Roy Collins,966.409,63.9914,2211707.813500002,0.962783817350289
SS-20875,Sung Shariari,964.6360000000001,-75.58600000000008,2212672.449500002,0.9632037353542696
JH-15910,Jonathan Howell,959.477,-13.554500000000054,2213631.926500002,0.9636214075816232
JF-15295,Jason Fortune-,955.124,97.28899999999994,2214587.0505000018,0.9640371848941369
RP-19270,Rachel Payne,954.6451999999999,59.53840000000004,2215541.695700002,0.9644527537790778
BS-11800,Bryan Spruell,949.4300000000001,194.05159999999998,2216491.125700002,0.9648660524228352
RF-19840,Roy Französisch,945.222,280.0261,2217436.347700002,0.9652775192720494
EB-13930,Eric Barreto,944.6,0.6042000000000165,2218380.947700002,0.9656887153569563
MF-17665,Maureen Fritzler,937.0390000000001,-341.5265000000002,2219317.986700002,0.9660966200448718
EM-13960,Eric Murdock,933.7040000000001,102.29600000000002,2220251.690700002,0.966503072965962
AC-10420,Alyssa Crouse,925.8000000000001,-62.13420000000007,2221177.490700002,0.9669060851779107
EH-14185,Evan Henry,923.8839999999999,242.11069999999995,2222101.374700002,0.9673082633313176
MO-17500,Mary O'Rourke,922.4870000000001,59.35769999999992,2223023.861700002,0.9677098333533137
AB-10255,Alejandro Ballentine,914.532,264.5675,2223938.393700002,0.9681079404652363
KB-16405,Katrina Bavinger,908.821,274.29699999999997,2224847.214700002,0.9685035615080916
CG-12040,Catherine Glotzbach,904.4680000000001,86.51059999999997,2225751.682700002,0.9688972876361072
SC-20575,Sonia Cooley,902.7280000000001,100.22529999999995,2226654.410700002,0.9692902563205618
JB-15925,Joni Blumstein,900.5520000000001,-286.98080000000004,2227554.9627000024,0.9696822777652527
HZ-14950,Henia Zydlo,886.52,-130.38789999999995,2228441.4827000024,0.9700681909064677
AB-10015,Aaron Bergman,886.156,129.3465,2229327.6387000023,0.9704539455939721
RC-19960,Ryan Crowe,885.7520000000001,10.563299999999984,2230213.390700002,0.9708395244152703
CS-12130,Chad Sievert,884.6400000000001,143.83389999999997,2231098.0307000023,0.9712246191691896
HE-14800,Harold Engle,883.5319999999999,274.40279999999996,2231981.5627000025,0.971609231596979
SK-19990,Sally Knutson,883.409,168.79329999999996,2232864.9717000024,0.9719937904813444
RE-19450,Richard Eichhorn,876.696,209.2294,2233741.6677000024,0.9723754271136262
JM-15655,Jim Mitchum,864.947,117.20399999999995,2234606.6147000026,0.9727519492606218
JR-15700,Jocasta Rupert,863.8799999999999,107.98499999999996,2235470.4947000025,0.9731280069292956
AF-10885,Art Foster,861.565,-163.1175,2236332.0597000024,0.9735030568497833
JC-16105,Julie Creighton,858.576,201.59519999999992,2237190.6357000023,0.9738768056215332
MS-17980,Michael Stewart,855.116,55.226000000000006,2238045.7517000022,0.9742490482124089
VF-21715,Vicky Freymann,847.944,-96.27800000000002,2238893.6957000024,0.9746181687428136
VG-21790,Vivek Gonzalez,846.01,143.6268,2239739.705700002,0.9749864473790533
CS-12175,Charles Sheldon,844.4580000000001,113.14049999999996,2240584.1637000022,0.9753540504104616
TB-21355,Todd Boyes,834.328,268.967,2241418.4917000025,0.9757172437273453
AS-10630,Ann Steele,833.398,136.49189999999996,2242251.8897000025,0.9760800322037048
EH-13990,Erica Hackney,825.95,150.37590000000003,2243077.8397000027,0.9764395784733733
TB-21190,Thomas Brumley,816.1740000000001,179.00379999999998,2243894.013700003,0.9767948691291035
AM-10360,Alice McCarthy,814.012,194.9878,2244708.025700003,0.9771492186394436
BM-11575,Brendan Murry,808.162,95.58159999999998,2245516.187700003,0.977501021572294
DK-13150,David Kendrick,797.832,249.9447,2246314.019700003,0.9778483277281413
MC-17635,Matthew Clasen,795.154,-247.94350000000014,2247109.173700003,0.9781944681174045
BF-11275,Beth Fritzler,791.99,25.870199999999986,2247901.163700003,0.9785392311782615
HG-14845,Harry Greene,785.628,147.0032,2248686.791700003,0.9788812247816844
MG-17890,Michael Granlund,776.384,171.73719999999994,2249463.1757000033,0.9792191943573612
MM-18280,Muhammed MacIntyre,775.414,58.8916,2250238.589700003,0.9795567416800183
SF-20065,Sandra Flanagan,763.5459999999999,228.1623,2251002.1357000032,0.9798891227152144
SW-20755,Steven Ward,758.6959999999999,68.24159999999995,2251760.8317000032,0.9802193924853124
LP-17080,Liz Pelletier,756.6059999999999,110.78129999999997,2252517.4377000034,0.9805487524525124
Dl-13600,Dorris liebe,755.602,175.23879999999997,2253273.0397000033,0.9808776753660713
IG-15085,Ivan Gibson,744.5740000000001,320.4982,2254017.6137000034,0.9812017976545779
BB-10990,Barry Blumstein,744.34,11.58389999999996,2254761.953700003,0.9815258180799851
TC-21535,Tracy Collins,742.5580000000001,217.93300000000002,2255504.5117000034,0.9818490627787108
ML-18040,Michelle Lonsdale,742.082,138.71620000000001,2256246.5937000033,0.9821721002687381
RH-19555,Ritsa Hightower,740.382,0.30569999999996256,2256986.9757000036,0.9824943977277002
PB-18805,Patrick Bzostek,740.356,229.2257,2257727.3317000037,0.98281668386854
AH-10585,Angele Hood,738.504,83.96300000000002,2258465.835700004,0.9831381638108312
HM-14980,Henry MacAllister,736.2760000000001,117.27550000000002,2259202.111700004,0.9834586738771142
PH-18790,Patricia Hirasaki,729.6480000000001,47.88779999999998,2259931.759700004,0.983776298692867
PA-19060,Pete Armstrong,729.408,225.85879999999995,2260661.167700004,0.9840938190336458
JJ-15445,Jennifer Jackson,709.178,200.55579999999998,2261370.3457000037,0.9844025330047468
JD-16060,Julia Dunbar,695.442,111.11409999999998,2262065.7877000035,0.9847052675248396
PB-19105,Peter Bühler,688.3240000000001,218.15969999999993,2262754.1117000035,0.9850049034913306
EH-13945,Eric Hoffmann,684.171,53.539799999999964,2263438.2827000036,0.9853027316054602
TR-21325,Toby Ritter,675.9419999999999,220.36439999999996,2264114.2247000034,0.9855969775339211
AG-10330,Alex Grayson,660.972,-5.137100000000007,2264775.1967000035,0.9858847068358828
BK-11260,Berenike Kampe,659.138,-63.76440000000004,2265434.3347000033,0.9861716377749186
BD-11770,Bryan Davis,658.466,141.26499999999996,2266092.8007000033,0.9864582761840275
AC-10660,Anna Chung,657.316,-28.70040000000001,2266750.1167000034,0.9867444139838863
AW-10840,Anthony Witt,649.3760000000001,65.77249999999998,2267399.4927000036,0.9870270954033576
LO-17170,Lori Olson,644.35,150.1712,2268043.8427000036,0.9873075889427497
JB-16000,Joy Bell-,644.1188,126.76489999999997,2268687.9615000035,0.9875879818379167
CD-11980,Carol Darley,639.766,-206.71720000000013,2269327.7275000033,0.9878664799053066
MR-17545,Mathew Reese,639.178,162.93629999999996,2269966.905500003,0.9881447220090103
AJ-10960,Astrea Jones,629.2479999999999,60.42649999999998,2270596.1535000033,0.9884186414606676
RR-19315,Ralph Ritter,615.932,-73.83499999999995,2271212.0855000033,0.9886867642925212
SS-20515,Shirley Schmidt,613.4,199.93449999999996,2271825.485500003,0.9889537849133997
BT-11440,Bobby Trafton,603.876,-77.52560000000001,2272429.3615000034,0.9892166596190627
BF-10975,Barbara Fisher,599.798,227.43839999999994,2273029.1595000033,0.9894777591207935
MZ-17335,Maria Zettner,593.606,85.01909999999997,2273622.7655000035,0.9897361631681969
DL-13330,Denise Leinenbach,585.02,222.68120000000005,2274207.7855000035,0.9899908296234078
AS-10240,Alan Shonely,584.6080000000001,33.71579999999997,2274792.3935000035,0.9902453167299134
BD-11635,Brian Derr,582.6460000000001,141.53399999999996,2275375.0395000037,0.9904989497535073
NK-18490,Neil Knudson,572.048,121.21769999999998,2275947.0875000036,0.990747969336377
CM-11935,Carlos Meador,565.3919999999999,-43.73239999999997,2276512.4795000036,0.9909940914799698
CS-12460,Chuck Sachs,550.644,156.25929999999997,2277063.1235000035,0.9912337936364142
CS-11860,Cari Schnelling,537.6320000000001,105.82749999999999,2277600.7555000037,0.9914678315080219
JH-15820,John Huston,528.91,26.082199999999997,2278129.665500004,0.991698072584952
RB-19570,Rob Beeghly,528.546,76.8879,2278658.211500004,0.9919281552081716
AY-10555,Andy Yotov,497.014,103.34989999999999,2279155.225500004,0.9921445115610658
CR-12625,Corey Roper,475.9000000000001,144.75939999999997,2279631.125500004,0.9923516767281282
MS-17530,MaryBeth Skach,475.65599999999995,84.02679999999997,2280106.7815000038,0.9925587356789671
JS-15940,Joni Sundaresam,469.16900000000004,-327.93359999999996,2280575.950500004,0.9927629707583232
EC-14050,Erin Creighton,461.914,96.42559999999997,2281037.864500004,0.9929640476462795
KM-16660,Khloe Miller,453.538,91.1391,2281491.402500004,0.9931614783576458
KW-16570,Kelly Williams,449.096,107.92699999999999,2281940.498500004,0.9933569754113694
TT-21265,Tim Taslimi,439.5,93.9162,2282379.998500004,0.9935482952073852
ST-20530,Shui Tom,433.34000000000003,84.44189999999998,2282813.338500004,0.99373693347907
VG-21805,Vivek Grady,427.372,-52.333,2283240.710500004,0.993922973806403
SS-20590,Sonia Sunley,418.49,135.5401,2283659.200500004,0.9941051476890759
BT-11485,Brad Thomas,415.19599999999997,126.86939999999997,2284074.396500004,0.9942858876527314
MH-17440,Mark Haberlin,400.01599999999996,61.428599999999996,2284474.412500004,0.9944600195742855
BW-11065,Barry Weirich,385.516,-58.286599999999964,2284859.9285000036,0.9946278394661645
JD-16015,Joy Daniels,385.43000000000006,26.760499999999983,2285245.358500004,0.994795621921178
JK-15325,Jason Klamczynski,383.812,55.32770000000001,2285629.1705000037,0.994962700040742
VM-21835,Vivian Mathis,380.69,116.63730000000001,2286009.8605000037,0.9951284191150203
NF-18475,Neil Französisch,377.16200000000003,85.92779999999999,2286387.0225000037,0.9952926024071815
MS-17830,Melanie Seite,370.34799999999996,19.431200000000004,2286757.370500004,0.9954538194807081
LS-17230,Lycoris Saunders,368.88,39.19519999999998,2287126.250500004,0.995614397515644
AG-10300,Aleksandra Gannaway,367.548,59.288399999999996,2287493.7985000038,0.9957743957144745
EM-14200,Evan Minnotte,366.822,21.77209999999996,2287860.620500004,0.995934077876509
HJ-14875,Heather Jas,358.1,98.6548,2288218.720500004,0.9960899632438657
DW-13540,Don Weiss,344.08000000000004,69.66720000000001,2288562.800500004,0.9962397455314952
LT-16765,Larry Tron,329.876,59.036,2288892.6765000043,0.9963833446419174
BD-11560,Brendan Dodson,320.54,116.714,2289213.2165000043,0.9965228796758535
LH-17020,Lisa Hazard,318.23900000000003,-242.73989999999998,2289531.4555000043,0.996661413055977
JH-15430,Jennifer Halladay,309.281,-24.077099999999998,2289840.7365000043,0.9967960469076984
JM-15580,Jill Matthias,303.948,113.12039999999999,2290144.684500004,0.9969283592384366
CM-12445,Chuck Magee,287.99,64.4296,2290432.6745000044,0.997053724854033
LH-16750,Larry Hughes,287.426,12.627700000000017,2290720.1005000044,0.9971788449534406
SC-20845,Sung Chung,280.632,31.175699999999985,2291000.7325000046,0.9973010075404612
SC-20800,Stuart Calhoun,279.25600000000003,51.8252,2291279.9885000046,0.9974225711376312
NB-18580,Nicole Brennan,273.87199999999996,24.788800000000002,2291553.8605000046,0.9975417910128859
BF-11080,Bart Folk,272.95,110.92719999999998,2291826.810500005,0.9976606095301158
DD-13570,Dorothy Dickinson,269.54200000000003,36.4344,2292096.3525000047,0.9977779445027158
BN-11470,Brad Norvell,265.296,36.61309999999998,2292361.648500005,0.997893431138902
AR-10510,Andrew Roberts,264.86400000000003,43.66949999999999,2292626.512500005,0.9980087297201351
HD-14785,Harold Dahlen,251.35999999999999,-135.8760000000001,2292877.8725000047,0.9981181498428348
SM-20005,Sally Matthias,244.494,-26.592699999999986,2293122.3665000047,0.9982245811106553
PL-18925,Paul Lucas,239.48100000000005,-0.7527000000000008,2293361.847500005,0.9983288301574578
GP-14740,Guy Phonely,236.53000000000003,31.837600000000002,2293598.3775000046,0.9984317945973931
EM-14065,Erin Mull,228.99,40.154599999999995,2293827.367500005,0.9985314767818976
GT-14755,Guy Thornton,226.436,-6.139200000000022,2294053.803500005,0.9986300471785544
RB-19645,Robert Barroso,221.084,72.67899999999999,2294274.887500005,0.9987262877832923
HH-15010,Hilary Holden,218.668,86.7342,2294493.555500005,0.9988214766732928
AG-10390,Allen Goldenen,200.945,69.2784,2294694.5005000047,0.9989089505217805
JJ-15760,Joel Jenkins,195.0,34.449200000000005,2294889.5005000047,0.9989938364381016
AG-10765,Anthony Garverick,170.584,-8.431000000000026,2295060.0845000045,0.9990680937670744
ML-18265,Muhammed Lee,162.232,42.6648,2295222.3165000044,0.9991387153669542
AO-10810,Anthony O'Donnell,161.28,12.095999999999997,2295383.596500004,0.9992089225494375
PT-19090,Pete Takahito,160.572,-20.050800000000017,2295544.1685000043,0.9992788215307478
DA-13450,Dianna Arnett,156.76,56.7904,2295700.928500004,0.999347061101222
MO-17950,Michael Oakman,154.288,-82.00740000000002,2295855.2165000043,0.9994142245794648
GH-14665,Greg Hansen,146.9408,-5.810199999999995,2296002.1573000043,0.9994781897305055
PB-19210,Phillip Breyer,132.738,21.897,2296134.895300004,0.9995359722267139
BO-11425,Bobby Odegard,130.83,59.45219999999999,2296265.7253000042,0.9995929241468794
EL-13735,Ed Ludwig,124.28,27.115399999999994,2296390.005300004,0.9996470247708812
CC-12550,Clay Cheatham,113.832,33.87060000000001,2296503.837300004,0.9996965772510179
RM-19750,Roland Murray,98.35,28.687899999999992,2296602.187300004,0.9997393902247111
KS-16300,Karen Seio,88.47200000000001,0.11099999999999888,2296690.659300004,0.9997779031826022
AR-10570,Anemone Ratner,88.15,32.632999999999996,2296778.809300004,0.9998162759699032
FW-14395,Fred Wasserman,79.75,23.491300000000003,2296858.559300004,0.9998509921331165
JC-15340,Jasper Cacioppo,71.263,-0.35560000000000036,2296929.822300004,0.999882013800064
AS-10135,Adrian Shami,58.82,21.8496,2296988.6423000037,0.9999076188749255
LB-16735,Larry Blacks,50.188,18.6507,2297038.8303000038,0.9999294663332247
RE-19405,Ricardo Emerson,48.36,6.044999999999995,2297087.1903000036,0.9999505180404722
SG-20890,Susan Gilcrest,47.946,-3.7073000000000036,2297135.1363000036,0.9999713895283897
RS-19870,Roy Skaria,22.328,9.5838,2297157.464300004,0.9999811091834648
MG-18205,Mitch Gastineau,16.739000000000004,-1.2453000000000016,2297174.203300004,0.9999883958775843
CJ-11875,Carl Jackson,16.520000000000003,1.6519999999999992,2297190.723300004,0.9999955872382901
LD-16855,Lela Donovan,5.304,0.46409999999999996,2297196.027300004,0.999997896135214
TS-21085,Thais Sissman,4.833000000000001,-3.3156,2297200.860300004,1.0000000000000016
