Customer ID,Customer Name,Profit,Sales,CumProfit,CumProfitShare
TC-20980,Tamara Chand,8981.3239,19052.217999999997,8981.3239,0.03135969727160051
RB-19360,Raymond Buch,6976.095899999999,15117.339,15957.4198,0.05571782731985025
SC-20095,Sanjit Chand,5757.4119,14142.333999999999,21714.8317,0.07582073155336869
HL-15040,Hunter Lopez,5622.4292000000005,12873.297999999999,27337.2609,0.09545232257560173
AB-10105,Adrian Barton,5444.8055,14473.570999999998,32782.0664,0.11446371266506788
TA-21385,Tom Ashbrook,4703.788299999999,14595.62,37485.8547,0.13088772528949805
CM-12385,Christopher Martinez,3899.8903999999998,8954.02,41385.7451,0.14450480264893065
KD-16495,Keith Dawkins,3038.6254,8181.256,44424.3705,0.15511463854025132
AR-10540,Andy Reiter,2884.6207999999997,6608.448,47308.991299999994,0.16518674328099692
DR-12940,Daniel Raglin,2869.0759999999996,8350.868,50178.067299999995,0.17520457092099714
TB-21400,Tom Boeckenhauer,2798.3688999999995,9133.99,52976.4362,0.18497551366121628
NM-18445,Nathan Mautz,2751.6848999999997,6459.344,55728.1211,0.19458345191304066
SE-20110,Sanjit Engle,2650.6768999999995,12209.438000000002,58378.797999999995,0.20383870493301295
BS-11365,Bill Shonely,2616.0643999999993,10501.653,60994.8624,0.21297310299508612
HM-14860,Harry Marie,2437.9836,8236.7648,63432.846,0.22148570408824197
TS-21370,Todd Sumrall,2371.7144,11891.751,65804.5604,0.22976691590365103
BM-11650,Brian Moss,2199.2780999999995,7294.185,68003.8385,0.23744603940481557
CC-12370,Christopher Conant,2177.0492999999988,12129.072,70180.8878,0.24504754757371144
JW-15220,Jane Waco,2173.7093999999997,7721.714,72354.59719999999,0.25263739395932416
HW-14935,Helen Wasserman,2164.1611000000003,9300.254,74518.75829999999,0.26019390096192474
GT-14710,Greg Tran,2163.4268999999995,11820.12,76682.18519999999,0.26774784439038046
LA-16780,Laura Armstrong,2059.1199,8673.222,78741.3051,0.27493758361244863
AB-10060,Adam Bellavance,2054.5885,7755.620000000001,80795.8936,0.2821115007426071
FH-14365,Fred Hopkins,2050.2825999999995,6987.196000000001,82846.1762,0.28927038314937903
PK-19075,Pete Kriz,2038.2675999999997,8646.934000000001,84884.44380000001,0.29638731330424317
SR-20740,Steven Roelle,1990.4243999999999,4345.8859999999995,86874.86820000001,0.30333719144258836
SD-20485,Shirley Daniels,1985.1672,6121.114,88860.03540000001,0.3102687132447929
CL-12565,Clay Ludtke,1933.7830999999994,10880.546,90793.81850000001,0.31702081942425464
RM-19675,Robert Marley,1902.5438,5979.0960000000005,92696.36230000001,0.32366384870125914
AD-10180,Alan Dominguez,1869.9293999999998,6106.88,94566.2917,0.33019299969906085
ME-17320,Maria Etezadi,1859.4694999999997,10663.728000000001,96425.76120000001,0.3366856283198563
MC-17425,Mark Cousins,1802.3903,4432.138,98228.1515,0.3429789559854212
YS-21880,Yana Sorensen,1778.2922999999996,6720.444,100006.44380000001,0.3491881417145339
KW-16435,Katrina Willman,1756.1349999999995,4416.5199999999995,101762.5788,0.355319961764812
PS-19045,Penelope Sewall,1742.7296999999996,6843.634,103505.3085,0.3614049751132591
DM-13015,Darrin Martin,1677.3931,6345.103,105182.7016,0.3672618555027384
MW-18235,Mitch Willingham,1665.5159999999998,5253.876,106848.2176,0.37307726513973044
KF-16285,Karen Ferguson,1660.1386,10604.266000000001,108508.35620000001,0.37887389874348
DR-12880,Dan Reichenbach,1641.8612999999998,6528.034000000001,110150.21750000001,0.38460671429531157
JE-15610,Jim Epp,1623.4018999999998,7754.976,111773.61940000001,0.3902750759645907
JD-16150,Justin Deggeller,1619.5198999999996,8828.030499999999,113393.13930000001,0.3959298830236405
VD-21670,Valerie Dominguez,1617.7874000000002,6442.254,115010.92670000001,0.4015786407879396
RW-19540,Rick Wilson,1586.6272999999999,7397.401,116597.554,0.40711859818897006
JM-15865,John Murray,1574.6164,7625.076000000001,118172.1704,0.4126166176538841
CM-12655,Corinna Mitchell,1572.4585000000002,6339.5576,119744.6289,0.41810710247340543
DP-13390,Dennis Pardue,1571.8317999999997,5480.724,121316.4607,0.42359539907184734
BF-11170,Ben Ferrer,1538.2127,5907.972000000001,122854.6734,0.4289663093238795
PP-18955,Paul Prost,1495.0853999999997,7252.608,124349.7588,0.4341866338619122
BE-11335,Bill Eplett,1487.7739000000001,4204.676,125837.5327,0.439381429154017
GK-14620,Grace Kelly,1448.5525000000002,6497.27,127286.0852,0.4444392767929403
JG-15160,James Galang,1415.6663999999998,6366.392,128701.7516,0.449382297469611
EH-13765,Edward Hooks,1393.5153999999995,10310.880000000001,130095.267,0.45424797446488263
AC-10450,Amy Cox,1366.0097999999998,5527.846,131461.2768,0.4590176113552791
DW-13480,Dianna Wilson,1348.7555999999997,5271.628000000001,132810.0324,0.46372700250744275
EM-14140,Eugene Moren,1319.3654999999999,4588.436,134129.39789999998,0.4683337735282043
DM-13345,Denise Monton,1319.0585999999998,4074.4720000000007,135448.45649999997,0.4729394729596101
NC-18535,Nick Crebassa,1314.7579999999996,8241.739,136763.21449999997,0.4775301561734083
AH-10210,Alan Hwang,1308.5546,4805.344,138071.76909999998,0.4820991792457596
YC-21895,Yoseph Carroll,1305.6290000000001,5454.35,139377.39809999996,0.48665798712808334
AH-10690,Anna Häberlin,1298.0165999999995,7888.294,140675.41469999996,0.49119021512506184
RA-19885,Ruben Ausman,1292.8656,3832.3140000000003,141968.28029999995,0.4957044575998117
PW-19240,Pierre Wener,1290.354,3922.4150000000004,143258.63429999995,0.5002099304302925
RH-19510,Rick Huthwaite,1289.4534999999994,6979.18,144548.08779999995,0.5047122590241656
LC-16885,Lena Creighton,1288.3468999999998,7663.126,145836.43469999995,0.5092107237510424
SC-20725,Steven Cartwright,1276.6513,5226.21,147113.08599999995,0.5136683514610725
JE-15715,Joe Elijah,1262.2925999999993,8697.843,148375.37859999994,0.5180758435240389
MA-17560,Matt Abelman,1240.2266,4299.161,149615.60519999993,0.5224062886964023
MW-18220,Mitch Webber,1238.422,5341.900000000001,150854.02719999992,0.5267304328255867
KH-16690,Kristen Hastings,1227.5091000000002,5990.799000000001,152081.53629999992,0.5310164728574059
JK-15205,Jamie Kunitz,1219.9829999999997,4427.142,153301.51929999993,0.5352762343338292
FC-14245,Frank Carlisle,1217.1662000000001,3418.742,154518.68549999993,0.5395261605124435
NP-18325,Naresj Patel,1208.8890000000001,5529.62,155727.57449999993,0.5437471855525234
RS-19765,Roland Schwarz,1206.3851,4159.7699999999995,156933.95959999994,0.5479594678340888
QJ-19255,Quincy Jones,1203.6768000000002,6108.338,158137.63639999993,0.552162293662567
SV-20365,Seth Vernon,1199.4242,11470.95,159337.06059999994,0.556350270872946
HR-14830,Harold Ryan,1196.9504,5248.787,160534.01099999994,0.5605296104236687
DH-13075,Dave Hallsten,1193.7403999999997,4932.872,161727.75139999995,0.5646977417572775
GH-14425,Gary Hwang,1176.4180999999999,4172.8460000000005,162904.16949999996,0.5688053895708511
JK-15640,Jim Kriz,1172.5303000000001,4760.434,164076.69979999997,0.5728994625225882
AJ-10795,Anthony Johnson,1158.7063999999998,4501.391,165235.40619999997,0.576945267165116
PO-19180,Philisse Overcash,1155.4331,4893.043,166390.83929999996,0.5809796425686783
CA-11965,Carol Adams,1143.3817000000001,3789.7228,167534.22099999996,0.5849719386240392
BD-11500,Bradley Drucker,1142.1225000000002,4411.243,168676.34349999996,0.5889598379856337
GB-14575,Giulietta Baptist,1135.8392999999999,4716.288,169812.18279999995,0.5929257985715988
TP-21130,Theone Pippenger,1129.1261,4454.0560000000005,170941.30889999995,0.5968683189696731
TT-21460,Tonja Turnell,1124.4998999999998,5364.808,172065.80879999994,0.600794686266809
IL-15100,Ivan Liston,1121.937,5040.736000000001,173187.74579999995,0.6047121047977015
KD-16270,Karen Daniels,1107.695199999999,8282.358,174295.44099999993,0.6085797958561662
BD-11320,Bill Donatelli,1094.5036999999998,5718.521000000001,175389.94469999993,0.6124014267289427
GZ-14470,Gary Zandusky,1087.7539,4355.15,176477.69859999995,0.6161994896192037
AM-10705,Anne McFarland,1085.7325999999998,5664.022,177563.43119999993,0.6199904948243391
FH-14275,Frank Hawley,1073.2676,4256.272,178636.69879999993,0.623737976532177
JF-15565,Jill Fjeld,1073.2087999999999,4198.332,179709.90759999992,0.6274852529306172
MJ-17740,Max Jones,1054.5528999999997,6320.746,180764.46049999993,0.6311673893360182
JD-15895,Jonathan Doherty,1050.2667999999999,7610.864,181814.72729999994,0.6348345601528299
CB-12535,Claudia Bergmann,1049.5600999999997,4246.4555,182864.28739999994,0.6384992634160482
NW-18400,Natalie Webber,1023.1229999999998,7234.014,183887.41039999994,0.6420716574092781
BB-11545,Brenda Bowman,1015.0749999999995,6765.728,184902.48539999995,0.6456159505516255
SC-20050,Sample Company A,1011.7442999999997,4624.572,185914.22969999994,0.6491486140339287
ES-14020,Erica Smith,1003.2935,3510.458,186917.52319999994,0.6526517702261426
IM-15055,Ionia McGrath,975.7700999999998,2872.6300000000006,187893.29329999993,0.6560588241619971
AT-10735,Annie Thurman,974.107,3831.864,188867.40029999992,0.6594600711240566
KM-16375,Katherine Murray,973.7902,5620.186,189841.1904999999,0.6628602119293615
HK-14890,Heather Kirkland,956.9451000000001,4877.784,190798.13559999992,0.6662015354330759
DK-12895,Dana Kaydos,937.6496,4282.176,191735.78519999993,0.6694754856803037
BW-11110,Bart Watters,921.2573999999995,4750.358,192657.04259999993,0.6726921999971341
SB-20185,Sarah Brown,885.4623999999994,6410.996,193542.50499999992,0.6757839304723467
DK-12835,Damala Kotsonis,881.1228,3256.48,194423.62779999993,0.6788605085553513
AI-10855,Arianne Irving,867.7271000000001,4375.786,195291.35489999992,0.6818903134564265
TS-21205,Thomas Seio,862.8877000000001,5371.09,196154.2425999999,0.684903220835414
CJ-12010,Caroline Jumper,858.7413999999995,11164.974,197012.9839999999,0.6879016507593799
AA-10645,Anna Andreadi,857.8032999999998,5086.9349999999995,197870.7872999999,0.6908968051604566
CC-12685,Craig Carroll,850.1591000000001,2854.1150000000002,198720.9463999999,0.6938652686415138
KC-16255,Karen Carlisle,846.1217,2120.954,199567.0680999999,0.6968196349089336
MS-17365,Maribeth Schnelling,844.9354999999997,7443.6900000000005,200412.00359999988,0.699769859373506
DB-13270,Deborah Brumfield,841.8263999999999,4655.897,201253.82999999987,0.7027092279290973
GA-14515,George Ashbrook,840.8989999999998,3919.7760000000003,202094.72899999988,0.7056453583225231
LW-17215,Luke Weiss,837.2411000000002,5420.514,202931.9700999999,0.7085687165859237
RD-19660,Robert Dilbeck,835.7719999999999,2786.632,203767.7420999999,0.711486945256875
CS-12355,Christine Sundaresam,831.9431999999999,3202.1620000000003,204599.6852999999,0.7143918050737186
TB-21175,Thomas Boland,829.1635000000001,3589.296,205428.8487999999,0.7172869591332065
GZ-14545,George Zrebassa,828.6610000000001,2454.622,206257.50979999988,0.7201803586353424
KL-16645,Ken Lonsdale,806.8549999999996,14175.229000000001,207064.3647999999,0.7229976190775449
HG-15025,Hunter Glantz,804.6112999999999,3690.284,207868.97609999988,0.7258070452902337
PW-19030,Pauline Webber,803.8168999999999,3454.916,208672.7929999999,0.7286136977310611
BH-11710,Brosina Hoffman,802.7897999999999,6255.351000000001,209475.5827999999,0.7314167638915776
SW-20455,Shaun Weien,793.6547999999999,2921.544,210269.23759999988,0.7341879337706811
GM-14455,Gary Mitchum,793.2813999999998,3078.6240000000003,211062.51899999988,0.7369577998652768
JE-16165,Justin Ellison,789.6475999999999,2697.248,211852.16659999988,0.739714977978767
NM-18520,Neoma Murray,788.9525,2161.979,212641.1190999999,0.7424697290418784
MZ-17515,Mary Zewe,787.7503,2564.906,213428.8693999999,0.7452202824356394
JL-15850,John Lucas,779.9046,2725.256,214208.77399999992,0.7479434413406122
KB-16240,Karen Bern,763.9075999999998,3152.6150000000002,214972.68159999992,0.7506107442178055
SU-20665,Stephanie Ulpright,763.4719,2595.364,215736.15349999993,0.7532765257802958
NH-18610,Nicole Hansen,760.1665999999998,2673.29,216496.32009999992,0.7559307663708151
JP-15520,Jeremy Pistek,757.1801999999999,3635.594,217253.50029999993,0.7585745794785965
BE-11410,Bobby Elias,755.9150999999997,2261.438,218009.41539999994,0.7612139752918388
JM-16195,Justin MacKendrick,754.1143999999999,2833.926,218763.52979999993,0.7638470836793622
TT-21070,Ted Trevino,751.9567,4915.602,219515.48649999994,0.7664726581198243
JK-15625,Jim Karlsson,750.9484999999999,3760.028,220266.43499999994,0.769094712272282
KM-16720,Kunst Miller,745.7684999999997,4909.472,221012.20349999995,0.7716986796444748
CS-12250,Chris Selesnick,738.3625999999999,2754.216,221750.56609999994,0.7742767881583735
TW-21025,Tamara Willingham,737.3904999999997,5278.826,222487.95659999995,0.7768515024330646
RD-19585,Rob Dowd,734.5158,2912.8940000000002,223222.47239999994,0.77941617924304
AG-10270,Alejandro Grove,732.7398999999998,2582.8979999999997,223955.21229999993,0.7819746552203758
DJ-13630,Doug Jacobs,731.5643999999999,3356.3979999999997,224686.77669999993,0.7845290267555879
KH-16630,Ken Heidel,727.3785999999999,3918.9660000000003,225414.15529999993,0.7870687829153497
RR-19525,Rick Reed,721.6825999999999,3302.262,226135.83789999993,0.789588650600133
AS-10225,Alan Schoenberger,719.7750999999998,4260.784,226855.61299999992,0.7921018579502916
WB-21850,William Brown,714.3310999999997,6160.102,227569.94409999994,0.7945960567228901
FC-14335,Fred Chung,714.2925999999999,3889.366,228284.23669999992,0.7970901210667163
RF-19735,Roland Fjeld,711.6168,2341.2960000000003,228995.8534999999,0.7995748424362891
KC-16540,Kelly Collister,709.4218999999996,3908.262,229705.2753999999,0.8020518999691817
RW-19690,Robert Waldorf,707.5502999999998,3495.646,230412.8256999999,0.8045224225179153
FH-14350,Fred Harton,706.289,2271.284,231119.1146999999,0.8069885410404041
RW-19630,Rob Williams,698.8324999999999,3279.746,231817.94719999988,0.8094286240267838
MC-17845,Michael Chen,698.4173999999998,3805.714,232516.36459999988,0.8118672576265828
ML-17395,Marina Lichtenstein,684.9162,2722.843,233201.2807999999,0.8142587496747001
JG-15115,Jack Garza,684.1911,2358.676,233885.4718999999,0.8166477099227458
PJ-19015,Pauline Johnson,682.9979000000001,1824.2340000000002,234568.46979999988,0.8190325039263491
EM-13825,Elizabeth Moffitt,682.5541999999999,2339.598,235251.0239999999,0.8214157486819981
TG-21310,Toby Gnade,682.1704,3058.3720000000003,235933.1943999999,0.8237976533399124
SC-20260,Scott Cohen,671.0033999999999,3729.7929999999997,236604.19779999988,0.8261405666705645
ED-13885,Emily Ducich,670.4434999999997,3484.92,237274.64129999987,0.828481525022786
LW-16990,Lindsay Williams,662.8339,3230.308,237937.47519999987,0.8307959132663003
EB-13840,Ellis Ballard,656.1988,4358.128,238593.67399999988,0.8330871340202904
KH-16510,Keith Herrera,656.1161999999999,5952.859,239249.79019999987,0.8353780663634601
BP-11155,Becky Pak,647.3847000000001,1697.8609999999999,239897.17489999987,0.8376385113085829
RB-19465,Rick Bensley,640.5465999999999,4715.466,240537.72149999987,0.839875079957928
MP-17965,Michael Paige,638.1563,3983.6420000000003,241175.87779999987,0.842103302500928
JF-15415,Jennifer Ferguson,635.6375999999999,2371.448,241811.51539999986,0.8443227306088984
KM-16225,Kalyca Meade,635.1057,2260.958,242446.62109999984,0.846540301504818
BD-11605,Brian Dahlen,634.8462999999999,3288.471,243081.46739999985,0.848756966665062
RF-19345,Randy Ferguson,633.7072,3309.15,243715.17459999985,0.8509696544794757
RS-19420,Ricardo Sperren,633.4514,3221.29,244348.62599999984,0.8531814491281768
NP-18700,Nora Preis,631.2281999999999,7903.1825,244979.85419999986,0.8553854811263211
XP-21865,Xylona Preis,621.23,2374.658,245601.08419999987,0.857554602845229
SC-20695,Steve Chapman,611.8290999999998,2576.408,246212.91329999987,0.8596908998512813
SA-20830,Sue Ann Reed,610.1495999999996,4767.3415,246823.06289999987,0.8618213326203732
TC-21295,Toby Carlisle,606.3727000000001,4266.812,247429.43559999988,0.8639385777523256
MP-17470,Mark Packer,600.2872999999998,3206.132,248029.72289999988,0.8660345747582889
RP-19855,Roy Phan,594.5867999999999,2170.716,248624.30969999987,0.8681106675768198
JL-15505,Jeremy Lonsdale,591.7163000000002,3173.874,249216.02599999987,0.8701767375955919
PF-19225,Phillip Flathmann,591.3118000000001,2206.128,249807.33779999986,0.8722413952393414
JK-16090,Juliana Krohn,586.6624999999998,3747.668,250394.00029999987,0.8742898191248891
SM-20950,Suzanne McNair,581.5741999999999,5563.392,250975.57449999987,0.8763204764150658
JO-15145,Jack O'Briant,581.4045,3254.949,251556.97899999988,0.8783505411711477
NC-18340,Nat Carroll,580.3074999999999,2461.404,252137.28649999987,0.8803767755801349
KB-16585,Ken Black,579.3551,2744.742,252716.64159999986,0.882399684535546
AP-10915,Arthur Prichep,579.3112999999998,3323.5560000000005,253295.95289999986,0.8844224405564058
JF-15190,Jamie Frazer,575.1259,2279.5860000000002,253871.07879999987,0.886430582598478
TM-21010,Tamara Manning,573.3012999999999,2955.2259999999997,254444.38009999986,0.8884323537642428
SG-20080,Sandra Glassco,570.4379999999999,3406.581,255014.81809999986,0.8904241272701752
SP-20860,Sung Pak,566.7225999999997,4282.9400000000005,255581.54069999987,0.8924029278758381
JS-15880,John Stevenson,564.9798,3868.02,256146.52049999987,0.894375643222689
RH-19495,Rick Hansen,563.7876999999999,3621.3759999999997,256710.30819999985,0.8963441961659195
DP-13105,Dave Poirier,563.1761,2215.0020000000004,257273.48429999987,0.8983106136120826
DG-13300,Deirdre Greer,562.7761,3195.818,257836.26039999985,0.9002756343956768
LL-16840,Lauren Leatherbury,560.0077999999999,2741.2039999999997,258396.26819999985,0.9022309892267987
SH-19975,Sally Hughsby,558.4739999999999,3406.8395,258954.74219999983,0.9041809885553007
LD-17005,Lisa DeCherney,557.1714000000001,1961.934,259511.91359999983,0.9061264396521477
RA-19285,Ralph Arnett,546.0881999999999,2617.906,260058.00179999982,0.9080331920225408
DN-13690,Duane Noonan,540.5405,2139.79,260598.54229999983,0.9099205737306028
SF-20965,Sylvia Foulston,539.9352,3336.5350000000003,261138.47749999983,0.9118058419390327
KD-16615,Ken Dana,539.7219,2243.51,261678.19939999984,0.9136903653771478
DK-13090,Dave Kipp,536.3934999999999,2650.557,262214.5928999998,0.9155632671860284
LR-16915,Lena Radford,535.4763999999997,5142.892,262750.0692999998,0.9174329667968047
KH-16360,Katherine Hughes,528.2051,3100.612,263278.2743999998,0.9192772775262414
SL-20155,Sara Luxemburg,527.9715,3053.012,263806.2458999998,0.9211207726047379
PM-19135,Peter McVee,526.7537000000002,4115.662,264332.9995999998,0.9229600155440439
LH-16900,Lena Hernandez,526.0726999999999,2295.332,264859.0722999998,0.9247968806653267
BF-11215,Benjamin Farhat,523.2133,1585.162,265382.2855999998,0.9266237617442371
AJ-10945,Ashley Jarboe,521.1351999999999,1839.24,265903.42079999985,0.9284433868119374
FA-14230,Frank Atkinson,520.5229,2984.054,266423.9436999998,0.9302608739384104
IM-15070,Irene Maddox,514.6527,4930.474,266938.5963999998,0.9320578643433564
NP-18670,Nora Paige,514.6001999999999,3908.402,267453.1965999998,0.93385467143634
NP-18685,Nora Pelletier,514.5017,1228.698,267967.6982999998,0.9356511346011664
VM-21685,Valerie Mitchum,513.5269,2454.866,268481.2251999998,0.9374441940993128
MT-17815,Meg Tillman,509.0068000000001,2890.139,268990.2319999998,0.9392214709612668
JC-15385,Jenna Caffey,502.92440000000005,1058.1080000000002,269493.1563999998,0.9409775101722012
JM-15265,Janet Molinari,502.61429999999996,1804.146,269995.7706999998,0.9427324666204792
CK-12595,Clytie Kelty,497.7097999999999,2372.75,270493.48049999983,0.9444702982398364
EN-13780,Edward Nazzal,496.1130999999999,2199.366,270989.59359999985,0.946202554731385
AR-10825,Anthony Rawles,494.8352,4523.336,271484.4287999998,0.9479303492351921
CV-12295,Christina VanderZanden,493.0861,2830.628,271977.51489999983,0.949652036482752
TB-21280,Toby Braunhardt,490.9566999999999,2198.45,272468.4715999998,0.9513662885971271
RL-19615,Rob Lucas,488.14839999999975,6234.91,272956.6199999998,0.9530707350927731
SV-20785,Stewart Visinsky,485.0271999999998,4105.305,273441.64719999983,0.9547642834303954
MH-17455,Mark Hamilton,484.77329999999995,2456.1820000000002,273926.42049999983,0.9564569452364522
DJ-13420,Denny Joy,483.03499999999997,2012.52,274409.4554999998,0.9581435374961509
SN-20710,Steve Nguyen,481.74989999999997,3127.9592,274891.2053999998,0.9598256426281819
RD-19480,Rick Duston,480.5939999999999,4272.93,275371.7993999998,0.9615037117545551
RB-19435,Richard Bierner,477.2399,2663.0860000000002,275849.0392999998,0.9631700695161239
MH-18025,Michelle Huthwaite,476.9032000000001,2984.948,276325.9424999998,0.9648352516369756
DB-13060,Dave Brooks,473.0272,4531.646000000001,276798.9696999998,0.9664869000975363
RP-19390,Resi Pölking,465.25030000000015,5153.084000000001,277264.2199999998,0.9681113942952706
DE-13255,Deanra Eno,464.47140000000013,2550.874,277728.6913999998,0.9697331688418178
SG-20605,Speros Goranitis,463.26899999999995,3124.832,278191.96039999975,0.9713507450206834
MC-17275,Marc Crier,461.0013999999998,2725.982,278652.96179999976,0.972960403519447
MF-18250,Monica Federle,456.8607999999999,1758.3,279109.8225999998,0.9745556044656307
RD-19900,Ruben Dartt,455.5291999999999,3133.924,279565.3517999998,0.976146155922123
KH-16330,Katharine Harms,454.78709999999984,3312.864,280020.1388999998,0.9777341162203848
JR-16210,Justin Ritter,452.3729999999999,2201.686,280472.5118999998,0.9793136473108788
EJ-14155,Eva Jacobs,451.8754999999999,2656.691,280924.38739999983,0.9808914413023029
BT-11680,Brian Thompson,447.74839999999983,3196.752,281372.1357999998,0.9824548248785084
ND-18460,Neil Ducich,443.3367999999998,2893.4550000000004,281815.4725999998,0.9840028046632437
PJ-18835,Patrick Jones,442.1355,1220.0900000000001,282257.6080999998,0.9855465899211194
GM-14500,Gene McClure,441.3184999999999,1255.682,282698.9265999998,0.9870875224956986
SC-20230,Scot Coram,440.1409999999999,4371.9580000000005,283139.0675999998,0.9886243436448412
DB-13405,Denny Blanton,438.9091999999999,1711.692,283577.9767999998,0.9901568637716034
DB-13615,Doug Bickford,438.8012,1989.05,284016.77799999976,0.991689006799472
PO-18865,Patrick O'Donnell,437.8533,2493.214,284454.6312999998,0.9932178400862185
AA-10480,Andrew Allen,435.82739999999995,1790.512,284890.4586999998,0.99473959962622
PV-18985,Paul Van Hugh,434.5284000000001,2876.046,285324.9870999998,0.9962568235045297
BP-11095,Bart Pistole,433.9750999999999,2442.044,285758.9621999998,0.9977721154493411
DB-12910,Daniel Byrd,431.3747999999999,2171.599,286190.33699999977,0.999278328039959
JP-15460,Jennifer Patt,429.7465000000001,1669.135,286620.0834999998,1.0007788551664252
CP-12085,Cathy Prescott,427.02580000000006,5402.253999999999,287047.1092999998,1.0022698825432648
CD-11920,Carlos Daly,426.66100000000006,2033.968,287473.7702999998,1.0037596361638417
CC-12430,Chuck Clark,424.65829999999977,2870.05,287898.4285999998,1.0052423970441027
BT-11305,Beth Thompson,417.59180000000003,2567.656,288316.0203999998,1.006700484134259
ML-17755,Max Ludwig,409.5111999999998,2071.9139999999998,288725.5315999998,1.0081303565455335
BT-11530,Bradley Talbott,409.4983,2684.492,289135.0298999998,1.00956018391444
CM-12115,Chad McGuire,409.0679,1661.6100000000001,289544.0977999998,1.0109885084744228
FP-14320,Frank Preis,406.44729999999976,4046.746,289950.5450999998,1.0124076827995865
CD-12790,Cynthia Delaney,403.8421999999999,1860.732,290354.3872999998,1.0138177610106058
NZ-18565,Nick Zandusky,402.4236000000001,2488.31,290756.8108999998,1.0152228859578252
KE-16420,Katrina Edelman,397.87989999999996,1686.7312,291154.6907999998,1.0166121458657609
FG-14260,Frank Gastineau,394.73969999999997,1383.144,291549.4304999998,1.0179904412742007
CC-12220,Chris Cortes,393.9617999999999,3913.4179999999997,291943.3922999998,1.0193660205231103
CC-12145,Charles Crestani,392.28249999999974,2471.65,292335.67479999975,1.0207357362333904
RM-19375,Raymond Messe,392.1499,1453.474,292727.82469999976,1.0221049889500295
TB-21055,Ted Butterfield,390.2113,1467.881,293118.0359999998,1.0234674727415292
NF-18595,Nicole Fjeld,388.2130999999999,2031.4720000000002,293506.2490999998,1.0248229795051667
EJ-13720,Ed Jacobs,387.0176,2162.174,293893.2666999998,1.026174311993552
BS-11590,Brendan Sweed,381.7807,2454.9280000000003,294275.0473999998,1.027507359026422
TB-21625,Trudy Brown,379.8819999999997,2797.668,294654.9293999998,1.028833776451244
SC-20440,Shaun Chance,379.5610999999998,1874.998,295034.4904999998,1.0301590734035202
DK-13375,Dennis Kane,377.07989999999995,3318.486,295411.5703999998,1.0314757068578826
HP-14815,Harold Pawlan,373.8636999999998,1990.3139999999999,295785.4340999998,1.0327811104468614
VB-21745,Victoria Brennan,371.23979999999995,2005.596,296156.67389999976,1.034077352278555
CW-11905,Carl Weiss,370.8298,1136.592,296527.50369999977,1.0353721625311156
SC-20680,Steve Carroll,370.1578,1254.64,296897.66149999975,1.0366646263905608
SZ-20035,Sam Zeldin,366.43029999999993,3625.329,297264.09179999976,1.0379440751006939
TG-21640,Trudy Glocke,365.7205000000001,2074.661,297629.81229999976,1.0392210454330986
AH-10030,Aaron Hawkins,365.2151999999999,1744.7,297995.02749999973,1.0404962514315135
CM-12235,Chris McAfee,365.03869999999995,2305.712,298360.0661999997,1.04177084115257
BP-11185,Ben Peterman,363.5990999999998,3675.8610000000003,298723.6652999997,1.0430404042850414
GR-14560,Georgia Rosenberg,359.83320000000003,1284.3799999999999,299083.4984999997,1.0442968181885943
JM-15535,Jessica Myrick,356.5394999999999,1733.4430000000002,299440.0379999997,1.0455417316233906
AS-10285,Alejandro Savely,354.6276,3214.236,299794.6655999997,1.0467799693602742
ND-18370,Natalie DeCherney,353.6454999999999,4326.139,300148.3110999997,1.048014777941386
DV-13465,Dianna Vittorini,353.21269999999987,3341.5870000000004,300501.5237999997,1.0492480753335982
LS-17245,Lynn Smith,348.3584,1008.1360000000001,300849.8821999997,1.0504644231780425
GM-14440,Gary McGarr,347.2659999999999,3582.8199999999997,301197.1481999997,1.0516769567370112
DJ-13510,Don Jones,345.2520999999999,2501.688,301542.4002999997,1.0528824584491123
AG-10900,Arthur Gainer,343.68239999999986,4510.7970000000005,301886.0826999997,1.054082479308128
NL-18310,Nancy Lomonaco,343.63809999999995,1418.0900000000001,302229.72079999966,1.0552823454867644
MG-17650,Matthew Grinstein,341.8979999999999,3785.276,302571.61879999965,1.056476135834061
BN-11515,Bradley Nguyen,340.70539999999994,1459.344,302912.3241999996,1.057665762031909
LP-17095,Liz Preis,338.44539999999984,3653.399,303250.76959999965,1.058847497086244
PG-18895,Paul Gonzalez,334.5163,1987.1640000000002,303585.28589999967,1.0600155130733322
BD-11725,Bruce Degenhardt,333.9791,1526.5,303919.26499999966,1.0611816533425904
Dp-13240,Dean percer,333.36479999999983,7198.7609999999995,304252.62979999965,1.0623456486873086
SW-20275,Scott Williamson,332.8725,1966.65,304585.50229999964,1.0635079250895705
SS-20140,Saphhira Shifley,332.34869999999995,1324.028,304917.8509999996,1.0646683725621986
CC-12610,Corey Catlett,331.43399999999986,2540.631,305249.2849999996,1.0658256262166979
JK-15370,Jay Kimmel,330.28379999999987,2709.632,305579.5687999996,1.0669788637679807
JF-15355,Jay Fein,330.199,1911.844,305909.7677999996,1.068131805226799
KN-16705,Kristina Nunn,329.7625,2280.58,306239.53029999963,1.069283222577589
KD-16345,Katherine Ducich,328.59419999999994,1888.964,306568.1244999996,1.0704305606261817
CL-11890,Carl Ludwig,328.08470000000005,1262.0140000000001,306896.20919999963,1.0715761196758273
DL-12865,Dan Lawera,322.2448999999999,1503.112,307218.4540999996,1.072701288150301
LT-17110,Liz Thompson,320.9729999999999,2936.252,307539.4270999996,1.0738220155869718
IG-15085,Ivan Gibson,320.4982,744.5740000000001,307859.9252999996,1.0749410851851735
MY-17380,Maribeth Yedwab,319.12109999999996,2254.2850000000003,308179.0463999996,1.0760553464233167
RD-19810,Ross DeVincentis,318.4625,1137.616,308497.5088999996,1.0771673080565407
AF-10870,Art Ferguson,317.97120000000007,2052.908,308815.48009999964,1.0782775542389647
LH-17155,Logan Haushalter,316.52019999999993,1739.689,309132.00029999967,1.0793827340279207
BV-11245,Benjamin Venier,315.2214,1523.2730000000001,309447.22169999965,1.080483378853516
AB-10150,Aimee Bixby,313.6597,966.71,309760.88139999966,1.0815785707592773
NG-18355,Nat Gilpin,313.6334999999999,1869.58,310074.51489999966,1.0826736711836404
JP-16135,Julie Prescott,309.7116,1707.71,310384.22649999964,1.0837550776806828
CR-12730,Craig Reiter,306.9175999999999,1600.55,310691.1440999996,1.0848267284896829
RA-19915,Russell Applegate,304.8672999999999,4793.543000000001,310996.0113999996,1.0858912203555213
BF-11020,Barry Französisch,302.02,2888.5060000000003,311298.0313999996,1.0869457704280299
LC-16960,Lindsay Castell,299.4802000000001,3246.626,311597.5115999996,1.0879914523915586
AC-10615,Ann Chong,298.82730000000004,2537.6859999999997,311896.3388999996,1.0890348546526094
AG-10495,Andrew Gjertsen,295.6668000000001,2356.855,312192.00569999963,1.0900672215335392
DO-13645,Doug O'Connell,294.06759999999997,1267.316,312486.07329999964,1.0910940045575193
KB-16600,Ken Brennan,293.55240000000003,983.9219999999999,312779.6256999996,1.0921189886801106
TM-21490,Tony Molinari,292.521,1094.6779999999999,313072.14669999963,1.0931403715082688
DB-13360,Dennis Bolton,291.00849999999997,1081.4660000000001,313363.15519999963,1.0941564732060889
MN-17935,Michael Nguyen,290.82270000000005,2477.9460000000004,313653.97789999965,1.095171926154146
MC-17590,Matt Collister,288.9841000000001,2426.0669999999996,313942.96199999965,1.0961809593427059
DL-13315,Delfina Latchford,288.8732,1458.258,314231.8351999996,1.0971896053065684
LC-16930,Linda Cazamias,288.26600000000025,4492.946,314520.1011999996,1.0981961311366517
SF-20200,Sarah Foster,286.90460000000013,3422.7859999999996,314807.00579999964,1.0991979034256827
AP-10720,Anne Pryor,285.7887999999999,1638.554,315092.7945999996,1.100195779724478
EB-14170,Evan Bailliet,282.17010000000005,1186.326,315374.9646999996,1.1011810207661796
AH-10075,Adam Hart,281.1889999999999,3250.337,315656.1536999996,1.102162836143766
MS-17770,Maxwell Schwartz,280.85839999999996,3144.678,315937.01209999964,1.1031434971797394
MA-17995,Michelle Arnett,280.7822,2453.2840000000006,316217.79429999966,1.1041238921514935
PB-19150,Philip Brown,280.66059999999993,1456.95,316498.45489999966,1.1051038625378267
RF-19840,Roy Französisch,280.0261,945.222,316778.4809999997,1.1060816174681602
CA-12265,Christina Anderson,279.61830000000003,2648.2872,317058.09929999965,1.1070579485010048
JC-15775,John Castell,279.5692,2772.0550000000003,317337.6684999997,1.1080341080935192
BO-11350,Bill Overfelt,278.777,2682.728,317616.4454999997,1.1090075015958163
TT-21220,Thomas Thornton,278.73709999999994,1427.0439999999999,317895.1825999997,1.1099807557810222
AA-10375,Allen Armold,277.3824,1056.39,318172.5649999997,1.1109492798192733
JE-15475,Jeremy Ellison,276.21969999999993,1388.682,318448.7846999997,1.1119137441086029
HE-14800,Harold Engle,274.40279999999996,883.5319999999999,318723.1874999997,1.1128718644073798
KB-16405,Katrina Bavinger,274.29699999999997,908.821,318997.48449999973,1.1138296152889071
MV-18190,Mike Vittorini,273.85819999999995,1734.574,319271.34269999975,1.1147858340315968
PC-18745,Pamela Coakley,272.6849999999999,1832.064,319544.02769999974,1.1157379563629723
CB-12415,Christy Brittain,272.3883,1949.1999999999998,319816.41599999974,1.1166890427198874
HA-14905,Helen Abelman,270.8574000000001,2163.3,320087.2733999997,1.1176347836999863
RK-19300,Ralph Kennedy,269.688,1460.192,320356.96139999974,1.1185764415370658
TB-21355,Todd Boyes,268.967,834.328,320625.92839999974,1.1195155818898652
SP-20650,Stephanie Phelps,268.4781999999999,1872.4360000000001,320894.40659999975,1.1204530155210055
TC-21145,Theresa Coyne,265.5332,1038.26,321159.93979999976,1.1213801662239837
AB-10255,Alejandro Ballentine,264.5675,914.532,321424.50729999976,1.1223039450343553
LS-16975,Lindsay Shagiari,262.6366999999999,2988.674,321687.14399999974,1.1232209821545076
EB-13870,Emily Burns,261.53149999999994,2767.219,321948.6754999997,1.1241341602959827
CK-12325,Christine Kargatis,261.2208999999999,2945.321,322209.89639999974,1.1250462539289732
TS-21160,Theresa Swint,260.8744,2163.624,322470.7707999997,1.1259571377030133
SH-20635,Stefanie Holloman,260.6258000000001,2096.3920000000003,322731.3965999997,1.126867153451267
TB-21250,Tim Brockman,260.61549999999994,1602.3760000000002,322992.0120999997,1.1277771332354598
BT-11395,Bill Tyler,257.91629999999986,2186.6130000000003,323249.9283999997,1.1286776883406389
KT-16465,Kean Takahito,254.00319999999982,3057.1,323503.93159999966,1.1295645802450736
BC-11125,Becky Castell,251.5974,2933.6760000000004,323755.5289999997,1.1304430719224892
DK-13150,David Kendrick,249.9447,797.832,324005.4736999997,1.1313157929393363
FM-14215,Filia McAdams,249.68080000000003,2456.638,324255.15449999965,1.1321875925080533
ZD-21925,Zuschuss Donatelli,249.13069999999993,1493.9440000000002,324504.28519999963,1.133057471316573
PR-18880,Patrick Ryan,247.6225999999999,1840.178,324751.90779999964,1.133922084358043
MS-17710,Maurice Satty,247.43479999999994,1613.402,324999.3425999996,1.1347860416664373
BW-11200,Ben Wallace,246.99729999999997,1738.406,325246.3398999996,1.1356484713751467
ES-14080,Erin Smith,246.66609999999991,4657.924,325493.0059999996,1.1365097446472492
CA-12310,Christine Abelman,246.02179999999998,1421.954,325739.0277999996,1.1373687682451192
LS-17200,Luke Schmidt,244.19699999999997,1010.2560000000001,325983.22479999956,1.1382214202683507
RB-19705,Roger Barcio,243.07549999999986,2067.45,326226.30029999954,1.1390701563989052
EH-14185,Evan Henry,242.11069999999995,923.8839999999999,326468.41099999956,1.139915523779344
DP-13000,Darren Powers,241.45239999999998,1050.636,326709.86339999957,1.1407585926023602
EM-14095,Eudokia Martin,240.23619999999994,1041.0420000000001,326950.09959999955,1.1415974148728365
BS-11665,Brian Stugart,238.7367999999999,3288.1100000000006,327188.83639999956,1.1424310017536738
MH-17785,Maya Herman,238.56140000000008,2203.7780000000002,327427.39779999957,1.1432639761979748
SC-20380,Shahid Collister,236.66149999999982,5992.536,327664.05929999956,1.1440903168442398
KA-16525,Kelly Andreada,234.91939999999997,1519.506,327898.97869999957,1.1449105746758528
CD-12280,Christina DeMoss,233.0274,1205.584,328132.0060999996,1.1457242262935154
LC-17140,Logan Currie,231.12519999999998,2633.582,328363.1312999996,1.1465312360823328
GD-14590,Giulietta Dortch,230.93729999999994,1888.07,328594.0685999996,1.1473375897889084
PB-18805,Patrick Bzostek,229.2257,740.356,328823.2942999996,1.1481379671763523
SC-20305,Sean Christensen,229.16170000000002,3979.065,329052.4559999996,1.1489381210977854
CL-12700,Craig Leslie,229.00989999999982,2353.586,329281.4658999996,1.1497377449857737
JL-15835,John Lee,228.9069999999995,9799.923,329510.3728999996,1.1505370095823162
SF-20065,Sandra Flanagan,228.1623,763.5459999999999,329738.53519999963,1.1513336739423212
MK-18160,Mike Kennedy,227.83379999999997,1031.602,329966.36899999966,1.152129191293192
BF-10975,Barbara Fisher,227.43839999999994,599.798,330193.80739999964,1.1529233280431133
MP-18175,Mike Pelletier,226.45289999999997,5087.92,330420.2602999996,1.153714023765631
PA-19060,Pete Armstrong,225.85879999999995,729.408,330646.1190999996,1.1545026450950684
TZ-21580,Tracy Zic,224.88869999999991,1707.286,330871.0077999996,1.1552878791686112
DL-13330,Denise Leinenbach,222.68120000000005,585.02,331093.6889999996,1.1560654054106028
JE-15745,Joel Eaton,221.79670000000016,6760.8150000000005,331315.4856999996,1.1568398432824893
TS-21655,Trudy Schmidt,220.91629999999992,3368.094,331536.4019999996,1.1576112071000622
AB-10165,Alan Barnes,220.813,1113.838,331757.2149999996,1.1583822102295267
TR-21325,Toby Ritter,220.36439999999996,675.9419999999999,331977.57939999964,1.1591516470019203
PB-19105,Peter Bühler,218.15969999999993,688.3240000000001,332195.73909999966,1.159913385719401
TC-21535,Tracy Collins,217.93300000000002,742.5580000000001,332413.6720999997,1.1606743328783706
NG-18430,Nathan Gelder,217.08929999999998,1395.9379999999999,332630.76139999967,1.1614323341268173
FO-14305,Frank Olsen,215.59689999999978,2678.438,332846.3582999997,1.16218512442722
CM-11815,Candace McMahon,214.46299999999997,1673.8880000000001,333060.82129999966,1.1629339555384062
DB-12970,Darren Budd,213.00289999999984,2839.2272,333273.8241999997,1.163677688482051
MB-17305,Maria Bertelson,212.42499999999998,1548.702,333486.2491999997,1.1644194035974493
CA-12055,Cathy Armstrong,211.25589999999994,1679.7240000000002,333697.50509999966,1.1651570366173252
MC-17575,Matt Collins,210.74929999999992,1303.893,333908.2543999997,1.1658929007640577
DK-13225,Dean Katz,209.89940000000013,4802.394,334118.1537999997,1.1666257973519973
BP-11050,Barry Pond,209.78300000000002,983.42,334327.9367999997,1.1673582875111295
JL-15175,James Lanier,209.28169999999983,1571.5230000000001,334537.21849999967,1.1680890273028972
RE-19450,Richard Eichhorn,209.2294,876.696,334746.4478999997,1.1688195844810343
CC-12100,Chad Cunningham,208.59119999999987,1770.9450000000002,334955.0390999997,1.169547913284043
RD-19720,Roger Demir,207.3304,1419.737,335162.3694999997,1.170271839806635
BD-11620,Brian DeCherney,206.75689999999997,1538.1100000000001,335369.12639999966,1.1709937638642691
JG-15805,John Grady,206.10190000000003,1507.018,335575.22829999967,1.171713400886947
Co-12640,Corey-Lock,205.62820000000002,1300.076,335780.85649999965,1.1724313839119778
VP-21730,Victor Preis,205.38879999999995,993.902,335986.24529999966,1.1731485310344614
CA-12775,Cynthia Arntzen,204.4895,3041.566,336190.7347999997,1.173862538110325
JO-15280,Jas O'Carroll,202.13619999999995,1934.272,336392.8709999997,1.1745683282711308
JC-16105,Julie Creighton,201.59519999999992,858.576,336594.4661999997,1.1752722294458127
JB-16045,Julia Barnett,201.5185,2518.115,336795.9846999997,1.1759758628104469
JJ-15445,Jennifer Jackson,200.55579999999998,709.178,336996.54049999965,1.1766761347574437
SS-20515,Shirley Schmidt,199.93449999999996,613.4,337196.4749999996,1.1773742373383058
DM-13525,Don Miller,199.7688,1376.792,337396.24379999965,1.1780717613516989
SV-20815,Stuart Van,199.6501999999999,1271.0900000000001,337595.8939999996,1.1787688712546402
PS-18970,Paul Stevenson,198.50989999999996,1278.639,337794.4038999996,1.179461999621764
FM-14290,Frank Merwin,198.10949999999985,3736.1979999999994,337992.51339999965,1.1801537299296563
PF-19165,Philip Fox,196.87389999999976,2770.0,338189.38729999965,1.180841145946874
MC-17605,Matt Connell,195.44859999999989,2258.192,338384.83589999966,1.1815235853061936
CH-12070,Cathy Hwang,195.15109999999981,1537.236,338579.9869999997,1.182204985897728
AM-10360,Alice McCarthy,194.9878,814.012,338774.9747999997,1.1828858163017684
KT-16480,Kean Thornton,194.06709999999998,4642.0884,338969.04189999966,1.1835634319377413
BS-11800,Bryan Spruell,194.05159999999998,949.4300000000001,339163.09349999967,1.1842409934530396
DS-13030,Darrin Sayre,193.33190000000002,1762.213,339356.42539999966,1.1849160420232112
LW-17125,Liz Willingham,192.63119999999998,1259.04,339549.05659999966,1.185588643989728
PN-18775,Parhena Norris,192.03959999999998,1467.152,339741.0961999997,1.186259180292306
FM-14380,Fred McMath,191.4898,2523.266,339932.58599999966,1.186927796882183
MV-17485,Mark Van Huff,189.02579999999992,1560.05,340121.61179999966,1.1875878100306367
GM-14695,Greg Maxwell,188.7235,6049.965999999999,340310.3352999997,1.1882467676513544
CC-12670,Craig Carreira,187.83989999999986,2269.7015,340498.1751999997,1.1889026400444576
HR-14770,Hallie Redmond,185.5794,1299.288,340683.7545999997,1.1895506195482193
CS-11845,Cari Sayre,185.37759999999986,1278.9540000000002,340869.1321999997,1.190197894435715
EB-14110,Eugene Barchas,184.76559999999995,3071.1259999999997,341053.8977999997,1.1908430324294808
TB-21190,Thomas Brumley,179.00379999999998,816.1740000000001,341232.9015999997,1.1914680521972754
MM-17260,Magdelene Morse,178.40199999999987,1314.0230000000001,341411.3035999997,1.1920909706862353
DB-13660,Duane Benoit,177.6735,1155.202,341588.97709999967,1.192711345503492
CM-12715,Craig Molinari,176.31079999999972,3984.4524,341765.28789999965,1.1933269622405425
Dl-13600,Dorris liebe,175.23879999999997,755.602,341940.52669999964,1.193938835921909
RH-19600,Rob Haberlin,172.62609999999984,2085.7400000000002,342113.15279999963,1.1945415869525424
MG-17890,Michael Granlund,171.73719999999994,776.384,342284.8899999996,1.1951412342497822
MH-18115,Mick Hernandez,170.97459999999987,5503.093,342455.8645999996,1.195738218809835
DB-13210,Dean Braden,169.9679,2332.5769999999998,342625.8324999996,1.1963316883193682
CG-12520,Claire Gute,169.93439999999995,1148.78,342795.76689999964,1.1969250408584111
MO-17800,Meg O'Connel,169.34369999999996,1687.027,342965.11059999967,1.1975163308760055
SK-19990,Sally Knutson,168.79329999999996,883.409,343133.9038999997,1.1981056990859056
JO-15550,Jesus Ocampo,167.67089999999996,1090.8380000000002,343301.5747999997,1.1986911482606377
DS-13180,David Smith,163.69929999999994,2881.8128,343465.2740999997,1.199262729972725
MR-17545,Mathew Reese,162.93629999999996,639.178,343628.2103999997,1.1998316475509625
EB-13975,Erica Bern,162.8780999999999,1643.255,343791.08849999966,1.2004003619147963
LE-16810,Laurel Elliston,161.7649,1469.45,343952.8533999997,1.2009651893667013
CT-11995,Carol Triggs,161.22629999999978,3241.898,344114.07969999965,1.2015281362124575
PM-18940,Paul MacIntyre,157.87679999999992,1405.402,344271.9564999997,1.202079387755029
SB-20170,Sarah Bern,157.66579999999993,1348.02,344429.6222999997,1.2026299025580955
KC-16675,Kimberly Carter,156.7797,1146.05,344586.4019999997,1.2031773234044068
CS-12460,Chuck Sachs,156.25929999999997,550.644,344742.6612999997,1.203722927192716
JB-15400,Jennifer Braxton,156.05319999999983,1791.605,344898.7144999997,1.2042678113506367
AZ-10750,Annie Zypern,154.95029999999997,1622.018,345053.66479999974,1.20480884456069
CC-12475,Cindy Chapman,154.85099999999989,1659.438,345208.51579999976,1.2053495310492603
JW-16075,Julia West,154.06369999999993,1428.731,345362.57949999976,1.20588746855673
AJ-10780,Anthony Jacobs,150.71299999999982,4867.344,345513.29249999975,1.206413706571027
EH-13990,Erica Hackney,150.37590000000003,825.95,345663.66839999973,1.2069387675479442
CB-12025,Cassandra Brandow,150.20889999999943,6076.139,345813.87729999976,1.207463245418239
LO-17170,Lori Olson,150.1712,644.35,345964.04849999974,1.207987591653087
HG-14845,Harry Greene,147.0032,785.628,346111.0516999997,1.2085008763203902
EP-13915,Emily Phan,144.9577999999999,5478.0608,346256.0094999997,1.2090070191536486
CR-12625,Corey Roper,144.75939999999997,475.9000000000001,346400.7688999997,1.2095124692422727
SJ-20125,Sanjit Jacobs,144.1189,3949.656,346544.8877999997,1.2100156829249589
CS-12130,Chad Sievert,143.83389999999997,884.6400000000001,346688.7216999997,1.210517901485565
VG-21790,Vivek Gonzalez,143.6268,846.01,346832.34849999973,1.211019396924126
BD-11635,Brian Derr,141.53399999999996,582.6460000000001,346973.8824999997,1.2115135850241274
CK-12205,Chloris Kastensmidt,141.2831,3154.855,347115.1655999997,1.2120068970675326
BD-11770,Bryan Davis,141.26499999999996,658.466,347256.43059999973,1.2125001459119567
TP-21565,Tracy Poddar,139.2286999999999,1936.6400000000003,347395.6592999997,1.212986284696409
BE-11455,Brad Eason,139.2007999999999,1727.652,347534.8600999997,1.213472326063647
ML-18040,Michelle Lonsdale,138.71620000000001,742.082,347673.5762999997,1.2139566753741833
BM-11785,Bryan Mills,137.74389999999994,1338.8419999999999,347811.3201999997,1.2144376297471804
PG-18820,Patrick Gardner,137.46129999999988,3086.907,347948.78149999975,1.214917597378073
GA-14725,Guy Armstrong,136.7079,1398.382,348085.48939999973,1.2153949343950172
AS-10630,Ann Steele,136.49189999999996,833.398,348221.98129999975,1.2158715172141745
SS-20590,Sonia Sunley,135.5401,418.49,348357.52139999974,1.2163447766747493
DC-13285,Debra Catini,132.06820000000002,1174.618,348489.5895999997,1.2168059134533933
AB-10015,Aaron Bergman,129.3465,886.156,348618.9360999997,1.2172575469907543
BT-11485,Brad Thomas,126.86939999999997,415.19599999999997,348745.8054999997,1.2177005313459928
JB-16000,Joy Bell-,126.76489999999997,644.1188,348872.57039999973,1.2181431508231353
JK-16120,Julie Kriz,122.6566,2932.484,348995.2269999997,1.2185714255281999
MH-17620,Matt Hagelstein,122.36120000000005,1252.8000000000002,349117.5881999997,1.2189986687979577
MC-18130,Mike Caudle,121.75650000000007,1581.9979999999998,349239.3446999997,1.2194238006630773
NK-18490,Neil Knudson,121.21769999999998,572.048,349360.5623999997,1.2198470512237167
BG-11740,Bruce Geld,119.34789999999997,1006.356,349479.9102999997,1.2202637730851786
TC-21475,Tony Chapman,119.10399999999996,1244.976,349599.0142999997,1.2206796433316394
MB-18085,Mick Brown,117.80569999999997,1428.2310000000002,349716.8199999997,1.2210909803605678
NB-18655,Nona Balk,117.64289999999988,1972.599,349834.4628999997,1.2215017489478306
HM-14980,Henry MacAllister,117.27550000000002,736.2760000000001,349951.7383999997,1.221911234700524
JM-15655,Jim Mitchum,117.20399999999995,864.947,350068.9423999997,1.2223204707997835
BD-11560,Brendan Dodson,116.714,320.54,350185.6563999997,1.222727995987396
DH-13675,Duane Huffman,116.667,1043.096,350302.3233999997,1.223135357067157
VM-21835,Vivian Mathis,116.63730000000001,380.69,350418.9606999997,1.2235426144447221
KN-16450,Kean Nguyen,114.3082999999999,2171.962,350533.2689999997,1.2239417397544807
CS-12175,Charles Sheldon,113.14049999999996,844.4580000000001,350646.40949999966,1.2243367875078701
JM-15580,Jill Matthias,113.12039999999999,303.948,350759.5298999997,1.2247317650789655
JD-16060,Julia Dunbar,111.11409999999998,695.442,350870.6439999997,1.2251197373397817
BF-11080,Bart Folk,110.92719999999998,272.95,350981.57119999966,1.2255070570100126
LP-17080,Liz Pelletier,110.78129999999997,756.6059999999999,351092.35249999963,1.2258938672475717
DB-13555,Dorothy Badders,109.32699999999997,3908.8028,351201.6794999996,1.2262755995691965
DM-12955,Dario Medina,108.75829999999999,1322.034,351310.4377999996,1.2266553461858145
JR-15700,Jocasta Rupert,107.98499999999996,863.8799999999999,351418.4227999996,1.2270323927045212
KW-16570,Kelly Williams,107.92699999999999,449.096,351526.3497999996,1.2274092367071556
BG-11695,Brooke Gillingham,107.5714999999998,1874.1719999999998,351633.92129999964,1.2277848394259323
ME-18010,Michelle Ellison,107.36039999999998,1256.9440000000002,351741.28169999964,1.228159705056038
SV-20935,Susan Vittorini,106.89120000000001,1903.491,351848.17289999966,1.2285329324009509
CS-11860,Cari Schnelling,105.82749999999999,537.6320000000001,351954.00039999967,1.2289024456709277
EG-13900,Emily Grady,104.26559999999994,1832.02,352058.26599999965,1.2292665053227394
AY-10555,Andy Yotov,103.34989999999999,497.014,352161.6158999996,1.2296273676647655
EM-13960,Eric Murdock,102.29600000000002,933.7040000000001,352263.9118999996,1.2299845501500888
AT-10435,Alyssa Tate,100.87679999999999,1171.814,352364.7886999996,1.2303367772766183
SC-20575,Sonia Cooley,100.22529999999995,902.7280000000001,352465.0139999996,1.230686729588989
HA-14920,Helen Andreada,99.14449999999988,2584.158,352564.1584999996,1.231032908119099
CV-12805,Cynthia Voltz,98.99749999999982,2370.3136,352663.1559999996,1.231378573375715
HJ-14875,Heather Jas,98.6548,358.1,352761.8107999996,1.2317230420416754
JF-15295,Jason Fortune-,97.28899999999994,955.124,352859.0997999996,1.2320627418032948
EK-13795,Eileen Kiefer,97.10660000000001,1303.478,352956.2063999996,1.2324018046867828
EC-14050,Erin Creighton,96.42559999999997,461.914,353052.63199999963,1.2327384897522478
EH-14125,Eugene Hildebrand,96.27019999999993,3082.6530000000002,353148.90219999966,1.2330746322143047
SW-20350,Sean Wendt,95.83829999999998,1019.0440000000001,353244.74049999967,1.233409266629953
BM-11575,Brendan Murry,95.58159999999998,808.162,353340.32209999964,1.2337430047373978
TT-21265,Tim Taslimi,93.9162,439.5,353434.2382999996,1.2340709278402378
TH-21235,Tiffany House,92.72899999999998,1022.2010000000001,353526.9672999996,1.2343947056485738
CM-12190,Charlotte Melton,91.20330000000001,1475.144,353618.1705999996,1.234713156236707
KM-16660,Khloe Miller,91.1391,453.538,353709.3096999996,1.2350313826604982
TD-20995,Tamara Dahlen,88.18969999999999,1434.548,353797.49939999956,1.2353393107928388
LC-17050,Liz Carlisle,86.77799999999998,2095.064,353884.27739999956,1.2356423097538085
HH-15010,Hilary Holden,86.7342,218.668,353971.01159999956,1.2359451557802275
CG-12040,Catherine Glotzbach,86.51059999999997,904.4680000000001,354057.52219999954,1.2362472210722701
NF-18475,Neil Französisch,85.92779999999999,377.16200000000003,354143.44999999955,1.2365472514269502
MZ-17335,Maria Zettner,85.01909999999997,593.606,354228.4690999995,1.2368441089134399
ST-20530,Shui Tom,84.44189999999998,433.34000000000003,354312.9109999995,1.2371389510158428
MS-17530,MaryBeth Skach,84.02679999999997,475.65599999999995,354396.9377999995,1.2374323437316652
AH-10585,Angele Hood,83.96300000000002,738.504,354480.9007999995,1.2377255136798078
CR-12820,Cyra Reiten,83.27029999999996,1397.8724,354564.17109999945,1.238016264957547
MM-17920,Michael Moore,82.12499999999991,3794.08,354646.29609999945,1.2383030172411864
ME-17725,Max Engle,77.81280000000001,1908.4532,354724.10889999947,1.2385747128040039
RB-19570,Rob Beeghly,76.8879,528.546,354800.99679999944,1.2388431789337966
CR-12580,Clay Rozendal,74.40130000000002,2148.852,354875.39809999947,1.239102962710731
RB-19645,Robert Barroso,72.67899999999999,221.084,354948.0770999995,1.2393567328078103
DW-13540,Don Weiss,69.66720000000001,344.08000000000004,355017.7442999995,1.2395999867340786
AG-10390,Allen Goldenen,69.2784,200.945,355087.0226999995,1.2398418831043299
SW-20755,Steven Ward,68.24159999999995,758.6959999999999,355155.2642999995,1.2400801593252029
SJ-20500,Shirley Jackson,68.09629999999989,1318.776,355223.3605999995,1.240317928208398
AW-10840,Anthony Witt,65.77249999999998,649.3760000000001,355289.1330999995,1.2405475831804
AS-10090,Adam Shillingsburg,64.53739999999996,3255.31,355353.6704999995,1.2407729256075555
CM-12445,Chuck Magee,64.4296,287.99,355418.10009999946,1.2409978916341489
RC-19825,Roy Collins,63.9914,966.409,355482.09149999946,1.241221327616898
MH-17440,Mark Haberlin,61.428599999999996,400.01599999999996,355543.52009999944,1.2414358151825695
CY-12745,Craig Yedwab,60.64669999999981,2900.0260000000003,355604.1667999994,1.2416475726220848
AJ-10960,Astrea Jones,60.42649999999998,629.2479999999999,355664.5932999994,1.241858561198856
RP-19270,Rachel Payne,59.53840000000004,954.6451999999999,355724.13169999945,1.242066448835559
BO-11425,Bobby Odegard,59.45219999999999,130.83,355783.58389999944,1.2422740354914785
MO-17500,Mary O'Rourke,59.35769999999992,922.4870000000001,355842.94159999944,1.2424812921858661
AG-10300,Aleksandra Gannaway,59.288399999999996,367.548,355902.22999999946,1.2426883069084638
LT-16765,Larry Tron,59.036,329.876,355961.2659999995,1.2428944403369806
MM-18280,Muhammed MacIntyre,58.8916,775.414,356020.15759999945,1.2431000695703098
DA-13450,Dianna Arnett,56.7904,156.76,356076.94799999945,1.2432983621351659
JK-15325,Jason Klamczynski,55.32770000000001,383.812,356132.2756999995,1.2434915474541737
MS-17980,Michael Stewart,55.226000000000006,855.116,356187.5016999995,1.2436843776717235
JK-15730,Joe Kamberova,55.048299999999976,4867.2,356242.5499999995,1.243876587421927
JL-15235,Janet Lee,54.517399999999846,2203.7000000000003,356297.06739999953,1.2440669434517364
EH-13945,Eric Hoffmann,53.539799999999964,684.171,356350.60719999956,1.2442538860382277
SC-20800,Stuart Calhoun,51.8252,279.25600000000003,356402.4323999996,1.2444348418306184
KB-16315,Karl Braun,49.7192999999999,1569.4640000000002,356452.1516999996,1.2446084445437502
TS-21430,Tom Stivers,48.70169999999998,2054.14,356500.85339999956,1.2447784941473072
PH-18790,Patricia Hirasaki,47.88779999999998,729.6480000000001,356548.7411999996,1.2449457018917025
AR-10510,Andrew Roberts,43.66949999999999,264.86400000000003,356592.4106999996,1.245098180781814
ML-18265,Muhammed Lee,42.6648,162.232,356635.0754999996,1.2452471516047183
EM-14065,Erin Mull,40.154599999999995,228.99,356675.23009999964,1.2453873576716727
LS-17230,Lycoris Saunders,39.19519999999998,368.88,356714.42529999965,1.2455242138434561
PO-18850,Patrick O'Brill,38.47569999999979,7473.828200000001,356752.90099999966,1.245658557768444
BN-11470,Brad Norvell,36.61309999999998,265.296,356789.5140999997,1.2457863981341806
DD-13570,Dorothy Dickinson,36.4344,269.54200000000003,356825.9484999997,1.2459136145409149
GM-14680,Greg Matthias,35.48649999999999,3163.628,356861.4349999997,1.2460375212065267
RD-19930,Russell D'Ascenzo,35.057400000000015,970.9420000000001,356896.4923999997,1.2461599296023678
JJ-15760,Joel Jenkins,34.449200000000005,195.0,356930.94159999967,1.2462802143727731
CC-12550,Clay Cheatham,33.87060000000001,113.832,356964.8121999997,1.2463984788707732
AS-10240,Alan Shonely,33.71579999999997,584.6080000000001,356998.5279999997,1.246516202860359
AR-10570,Anemone Ratner,32.632999999999996,88.15,357031.1609999997,1.246630146084371
LW-16825,Laurel Workman,32.576699999999896,2238.061,357063.73769999965,1.2467438927281267
GP-14740,Guy Phonely,31.837600000000002,236.53000000000003,357095.5752999997,1.2468550586886211
SC-20845,Sung Chung,31.175699999999985,280.632,357126.7509999997,1.2469639135217299
MH-17290,Marc Harrigan,28.761199999999995,2394.025,357155.5121999997,1.2470643377504083
RM-19750,Roland Murray,28.687899999999992,98.35,357184.2000999997,1.2471645060406709
EL-13735,Ed Ludwig,27.115399999999994,124.28,357211.31549999974,1.2472591837012104
JD-16015,Joy Daniels,26.760499999999983,385.43000000000006,357238.0759999997,1.2473526221728855
JH-15820,John Huston,26.082199999999997,528.91,357264.1581999997,1.24744369225401
MG-17680,Maureen Gastineau,25.8886,2350.188,357290.0467999997,1.2475340863504512
BF-11275,Beth Fritzler,25.870199999999986,791.99,357315.9169999997,1.247624416200414
NB-18580,Nicole Brennan,24.788800000000002,273.87199999999996,357340.7057999997,1.2477109701731224
FW-14395,Fred Wasserman,23.491300000000003,79.75,357364.1970999997,1.2477929937216237
PB-19210,Phillip Breyer,21.897,132.738,357386.0940999997,1.2478694505222916
AS-10135,Adrian Shami,21.8496,58.82,357407.9436999997,1.247945741818445
EM-14200,Evan Minnotte,21.77209999999996,366.822,357429.7157999997,1.248021762511226
JM-15250,Janet Martin,19.823499999999967,3159.122,357449.5392999997,1.2480909793623032
MS-17830,Melanie Seite,19.431200000000004,370.34799999999996,357468.9704999997,1.2481588264365662
LB-16735,Larry Blacks,18.6507,50.188,357487.6211999997,1.2482239482729922
SP-20920,Susan Pistek,14.692399999999838,3990.689,357502.3135999997,1.2482752490858036
EB-13705,Ed Braxton,13.621499999999905,3644.978,357515.9350999997,1.248322810683753
GG-14650,Greg Guthrie,12.69849999999991,2224.0,357528.6335999997,1.248367149482825
LH-16750,Larry Hughes,12.627700000000017,287.426,357541.2612999997,1.2484112410726225
AO-10810,Anthony O'Donnell,12.095999999999997,161.28,357553.35729999974,1.2484534761487005
BB-10990,Barry Blumstein,11.58389999999996,744.34,357564.94119999977,1.248493923147525
TS-21505,Tony Sayre,11.377900000000011,2243.274,357576.3190999998,1.2485336508651266
RC-19960,Ryan Crowe,10.563299999999984,885.7520000000001,357586.88239999977,1.248570534279407
RS-19870,Roy Skaria,9.5838,22.328,357596.4661999998,1.248603997616222
GB-14530,George Bell,7.837099999999959,1568.44,357604.3032999998,1.2486313620767653
RE-19405,Ricardo Emerson,6.044999999999995,48.36,357610.3482999998,1.2486524691398349
DL-12925,Daniel Lacy,4.213200000000029,3272.2,357614.5614999998,1.248667180186671
JG-15310,Jason Gross,3.7975999999999246,2240.58,357618.35909999977,1.2486804401010985
CJ-11875,Carl Jackson,1.6519999999999992,16.520000000000003,357620.01109999977,1.2486862083175074
EB-13930,Eric Barreto,0.6042000000000165,944.6,357620.6152999998,1.2486883179763173
LD-16855,Lela Donovan,0.46409999999999996,5.304,357621.07939999975,1.2486899384540626
RH-19555,Ritsa Hightower,0.30569999999996256,740.382,357621.3850999998,1.2486910058534308
KS-16300,Karen Seio,0.11099999999999888,88.47200000000001,357621.49609999976,1.2486913934272936
JC-15340,Jasper Cacioppo,-0.35560000000000036,71.263,357621.14049999975,1.24869015179427
PL-18925,Paul Lucas,-0.7527000000000008,239.48100000000005,357620.38779999973,1.2486875236244812
MG-18205,Mitch Gastineau,-1.2453000000000016,16.739000000000004,357619.1424999997,1.2486831754647392
AH-10120,Adrian Hane,-2.3146000000000413,1735.5140000000001,357616.82789999974,1.2486750936767854
TS-21085,Thais Sissman,-3.3156,4.833000000000001,357613.51229999977,1.2486635167407534
SG-20890,Susan Gilcrest,-3.7073000000000036,47.946,357609.80499999976,1.2486505721229009
MD-17860,Michael Dominguez,-4.040300000000045,1204.91,357605.76469999977,1.24863646478346
AG-10330,Alex Grayson,-5.137100000000007,660.972,357600.6275999998,1.2486185277952555
GH-14665,Greg Hansen,-5.810199999999995,146.9408,357594.81739999977,1.2485982405731137
ON-18715,Odella Nelson,-5.889000000000095,1567.52,357588.92839999974,1.2485776782084457
GT-14755,Guy Thornton,-6.139200000000022,226.436,357582.78919999977,1.2485562422313412
AG-10765,Anthony Garverick,-8.431000000000026,170.584,357574.3581999998,1.248526804076049
NS-18505,Neola Schneider,-12.304000000000006,2575.863,357562.0541999998,1.2484838427354354
JH-15910,Jonathan Howell,-13.554500000000054,959.477,357548.49969999975,1.2484365150784662
HF-14995,Herbert Flentye,-13.876800000000088,2533.164,357534.6228999997,1.2483880620606322
BS-11380,Bill Stewart,-17.532200000000017,3887.8340000000003,357517.0906999997,1.248326845641914
JF-15490,Jeremy Farry,-18.067299999999978,1082.9180000000001,357499.0233999997,1.2482637608378446
SW-20245,Scot Wooten,-19.60620000000001,1085.078,357479.41719999973,1.2481953027237078
PT-19090,Pete Takahito,-20.050800000000017,160.572,357459.3663999997,1.2481252922191257
SJ-20215,Sarah Jordon,-23.51370000000003,1341.036,357435.8526999997,1.2480431904575207
MT-18070,Michelle Tran,-23.676300000000012,1319.4497999999999,357412.1763999997,1.2479605209525815
JH-15430,Jennifer Halladay,-24.077099999999998,309.281,357388.0992999997,1.2478764519917485
NR-18550,Nick Radford,-25.14880000000005,2367.277,357362.9504999997,1.2477886410227281
SM-20005,Sally Matthias,-26.592699999999986,244.494,357336.3577999997,1.2476957884510005
AC-10660,Anna Chung,-28.70040000000001,657.316,357307.65739999973,1.2475955765150326
JW-15955,Joni Wasserman,-29.575900000000004,1244.086,357278.08149999974,1.2474923076338675
DO-13435,Denny Ordway,-38.90859999999999,1300.0315,357239.1728999997,1.2473564521708147
DP-13165,David Philippe,-40.93760000000006,1058.616,357198.2352999997,1.247213512136882
CM-11935,Carlos Meador,-43.73239999999997,565.3919999999999,357154.50289999973,1.2470608136215817
LM-17065,Liz MacKendrick,-44.878,1346.7740000000001,357109.6248999997,1.2469041150646847
PO-19195,Phillina Ober,-49.70090000000004,1056.858,357059.9239999997,1.246730576598031
LB-16795,Laurel Beltran,-52.19100000000021,4985.676,357007.7329999997,1.2465483435577214
VG-21805,Vivek Grady,-52.333,427.372,356955.39999999973,1.2463656147022
EA-14035,Erin Ashbrook,-52.74060000000006,2846.705,356902.6593999997,1.246181462647521
DL-13495,Dionis Lloyd,-52.78800000000001,3539.322,356849.8713999997,1.2459971450883276
JS-15685,Jim Sink,-54.869200000000085,1131.064,356795.0021999997,1.2458055606937892
BW-11065,Barry Weirich,-58.286599999999964,385.516,356736.7155999997,1.245602043912595
AC-10420,Alyssa Crouse,-62.13420000000007,925.8000000000001,356674.58139999973,1.2453850926341523
BK-11260,Berenike Kampe,-63.76440000000004,659.138,356610.81699999975,1.245162449257411
MC-18100,Mick Crebagga,-64.16680000000007,2218.98,356546.65019999974,1.2449384008381252
RR-19315,Ralph Ritter,-73.83499999999995,615.932,356472.8151999997,1.2446805943862222
SS-20875,Sung Shariari,-75.58600000000008,964.6360000000001,356397.2291999997,1.2444166740439249
ML-17410,Maris LaWare,-76.1755,2921.5,356321.0536999997,1.2441506953701669
BT-11440,Bobby Trafton,-77.52560000000001,603.876,356243.5280999997,1.243880002611074
EB-13750,Edward Becker,-80.286,3236.314,356163.2420999997,1.2435996714835942
SO-20335,Sean O'Donnell,-81.08580000000003,2602.5755,356082.1562999997,1.2433165477293082
MO-17950,Michael Oakman,-82.00740000000002,154.288,356000.1488999997,1.243030206064464
DW-13195,David Wiener,-86.87379999999997,1080.751,355913.2750999997,1.242726872602809
MG-18145,Mike Gockenbach,-93.6030000000001,3061.5429999999997,355819.6720999997,1.24240004308676
EH-14005,Erica Hernandez,-94.14079999999993,1219.5300000000002,355725.5312999997,1.2420713357578879
GH-14485,Gene Hale,-95.44980000000012,1361.2440000000004,355630.0814999997,1.2417380578507593
VF-21715,Vicky Freymann,-96.27800000000002,847.944,355533.8034999997,1.2414018881537823
JH-16180,Justin Hirsh,-96.95299999999999,2256.3940000000002,355436.8504999997,1.2410633615887208
AR-10405,Allen Rosenblatt,-98.76459999999983,2236.1279999999997,355338.0858999997,1.2407185095388853
AW-10930,Arthur Wiediger,-104.54860000000016,2852.9680000000003,355233.53729999973,1.2403534617483063
DK-12985,Darren Koutras,-107.35379999999995,1687.04,355126.18349999975,1.239978619163133
BS-11755,Bruce Stewart,-113.29840000000004,2562.382,355012.8850999997,1.2395830200771945
SP-20545,Sibella Parks,-118.77570000000009,1306.086,354894.1093999997,1.2391682961415371
SG-20470,Sheri Gordon,-119.01049999999998,1884.7979999999998,354775.09889999975,1.2387527523649517
CS-11950,Carlos Soltero,-126.42230000000013,3036.547,354648.6765999998,1.2383113291292995
HZ-14950,Henia Zydlo,-130.38789999999995,886.52,354518.2886999998,1.2378560593809411
EM-13810,Eleni McCrary,-133.82750000000033,2567.01,354384.4611999998,1.2373887797311542
PS-18760,Pamela Stobb,-134.44099999999992,2181.479,354250.0201999998,1.2369193579501525
TH-21100,Thea Hendricks,-135.21250000000018,2422.824,354114.8076999998,1.2364472423562214
HD-14785,Harold Dahlen,-135.8760000000001,251.35999999999999,353978.9316999998,1.2359728100482543
TB-21595,Troy Blackwell,-136.4091,1387.559,353842.5225999998,1.235496516338249
SH-20395,Shahid Hopkins,-144.5229000000002,2180.718,353697.9996999998,1.2349918920263685
KN-16390,Katherine Nockton,-151.15179999999992,2617.272,353546.8478999998,1.2344641218732335
AG-10525,Andy Gerbode,-152.76130000000006,1455.038,353394.0865999998,1.2339307318990878
AF-10885,Art Foster,-163.1175,861.565,353230.9690999998,1.2333611816327066
RB-19330,Randy Bradley,-164.40619999999996,1008.1959999999999,353066.5628999998,1.2327871316686947
JS-15595,Jill Stevenson,-175.54899999999998,1417.654,352891.0138999998,1.232174174875506
KL-16555,Kelly Lampkin,-182.78130000000013,5016.488,352708.2325999998,1.2315359653755782
PC-19000,Pauline Chand,-184.33640000000008,1061.488,352523.89619999984,1.2308923260007487
TS-21340,Toby Swindell,-184.97889999999998,974.782,352338.91729999986,1.2302464432366684
LC-16870,Lena Cacioppo,-188.25110000000004,2580.704,352150.66619999986,1.2295891350744446
AH-10465,Amy Hunt,-196.12010000000024,2495.3916,351954.54609999986,1.2289043510678377
BP-11230,Benjamin Patterson,-197.2695,1181.49,351757.27659999987,1.2282155537513397
CD-11980,Carol Darley,-206.71720000000013,639.766,351550.55939999985,1.2274937683124654
JL-15130,Jack Lebron,-207.7956,1214.956,351342.76379999984,1.226768217471306
AR-10345,Alex Russell,-221.0544000000001,1055.694,351121.7093999998,1.2259963714559812
VT-21700,Valerie Takahito,-224.0889000000001,1736.596,350897.62049999984,1.2252139300092446
NS-18640,Noel Staavos,-234.7714000000001,2964.823,350662.8490999998,1.2243941889427823
SM-20905,Susan MacKendrick,-237.28850000000003,1043.0410000000002,350425.5605999998,1.2235656590279405
MD-17350,Maribeth Dona,-241.94999999999993,3766.382,350183.6105999998,1.2227208527566886
LH-17020,Lisa Hazard,-242.73989999999998,318.23900000000003,349940.8706999998,1.2218732884260293
AG-10675,Anna Gayman,-246.4257000000001,3489.0396,349694.4449999998,1.2210128545481305
MC-17635,Matthew Clasen,-247.94350000000014,795.154,349446.5014999998,1.2201471210341146
TH-21115,Thea Hudgings,-252.55389999999997,2942.772,349193.9475999998,1.219265289587332
AS-10045,Aaron Smayling,-253.5746000000003,3050.692,348940.3729999998,1.2183798942068393
DF-13135,David Flashing,-259.30969999999996,2390.534,348681.0632999998,1.2174744738276022
VS-21820,Vivek Sundaresam,-262.80930000000006,1055.981,348418.2539999998,1.2165568340475514
JD-15790,John Dryer,-266.5525,2152.352,348151.7014999998,1.2156261242991826
DW-13585,Dorothy Wardle,-266.89660000000003,1204.854,347884.8048999998,1.214694213071839
GW-14605,Giulietta Weimer,-268.54230000000007,2189.019,347616.26259999984,1.213756555625522
SP-20620,Stefania Perrino,-270.4281999999996,5440.319,347345.8343999998,1.2128123132643593
AB-10600,Ann Blume,-274.96040000000016,1515.862,347070.87399999984,1.2118522460179617
JB-15925,Joni Blumstein,-286.98080000000004,900.5520000000001,346783.8931999998,1.2108502076647116
BF-11005,Barry Franz,-291.3811000000001,1333.88,346492.5120999998,1.2098328049757088
TS-21610,Troy Staebel,-294.6981000000002,2820.424,346197.81399999984,1.2088038204623548
ER-13855,Elpida Rittenbach,-295.7398000000002,1245.7880000000002,345902.07419999986,1.2077711986905064
CS-12490,Cindy Schnelling,-302.8761000000001,1077.2285000000002,345599.19809999986,1.206713659410935
JS-16030,Joy Smith,-311.2575,2516.494,345287.94059999986,1.20562685516223
SC-20020,Sam Craven,-317.0508000000001,3362.9636,344970.88979999983,1.2045198227003766
LS-16945,Linda Southworth,-318.7737000000002,2845.2700000000004,344652.1160999998,1.2034067744636743
BP-11290,Beth Paige,-319.0637000000001,2475.157,344333.0523999998,1.2022927136466095
JS-15940,Joni Sundaresam,-327.93359999999996,469.16900000000004,344005.1187999998,1.2011476821862492
CK-12760,Cyma Kinney,-338.43110000000013,1582.109,343666.68769999983,1.199965997062601
MF-17665,Maureen Fritzler,-341.5265000000002,937.0390000000001,343325.16119999986,1.1987735038656653
CS-12400,Christopher Schild,-342.80330000000015,3651.8585000000003,342982.3578999998,1.1975765525218096
NC-18625,Noah Childs,-359.02100000000013,1821.7420000000002,342623.3368999998,1.1963229745416026
AA-10315,Alex Avila,-362.8825000000002,5563.56,342260.4543999998,1.1950559135301229
MY-18295,Muhammed Yedwab,-371.7111,4152.696,341888.7432999998,1.1937580260807577
AH-10195,Alan Haines,-378.5508999999999,1587.4520000000002,341510.1923999998,1.1924362563997988
LR-17035,Lisa Ryan,-382.80790000000025,1879.306,341127.3844999998,1.1910996227374522
CM-12160,Charles McCrossin,-394.36860000000024,2533.314,340733.0158999998,1.1897226230827103
MG-17695,Maureen Gnade,-398.7932000000001,1342.2820000000002,340334.2226999998,1.1883301742449646
MK-17905,Michael Kennedy,-405.35589999999996,2302.368,339928.8667999998,1.1869148107136196
DV-13045,Darrin Van Huff,-427.1840000000001,1119.4830000000002,339501.6827999998,1.185423230956734
RA-19945,Ryan Akin,-445.6949999999999,1686.9225000000001,339055.98779999977,1.1838670171478247
RB-19795,Ross Baird,-461.7332000000002,5633.316000000001,338594.25459999975,1.1822548034548916
MG-17875,Michael Grace,-470.7684000000002,1242.833,338123.48619999975,1.1806110419478564
MM-18055,Michelle Moray,-520.3443000000001,2749.881,337603.14189999975,1.1787941784312201
TH-21550,Tracy Hopkins,-571.9678,4234.0960000000005,337031.1740999998,1.176797063389294
GH-14410,Gary Hansen,-576.8335000000001,2819.467,336454.34059999976,1.1747829589947159
PF-19120,Peter Fuller,-614.2943000000007,9062.864000000001,335840.04629999975,1.1726380543572525
JH-15985,Joseph Holt,-644.6982000000003,7954.9980000000005,335195.34809999977,1.1703869897471069
SC-20770,Stewart Carmichael,-671.1873999999999,4492.657,334524.1606999998,1.1680434339516732
TN-21040,Tanja Norvell,-692.0452,3130.221,333832.1154999998,1.165627049884925
BG-11035,Barry Gonzalez,-711.4274,2798.948,333120.6880999998,1.1631429898350787
SN-20560,Skye Norling,-716.8565000000001,1860.4179999999997,332403.8315999998,1.1606399732333526
JR-15670,Jim Radford,-785.1645000000002,1156.6580000000001,331618.6670999998,1.157898448564767
PK-18910,Paul Knutson,-798.7050000000003,1441.1520000000003,330819.9620999998,1.1551096451224019
JA-15970,Joseph Airdo,-819.4217000000001,6491.026000000001,330000.54039999977,1.1522485060814438
VW-21775,Victoria Wilson,-874.6645000000002,6134.0380000000005,329125.87589999975,1.149194478163108
OT-18730,Olvera Toch,-925.1203000000002,3818.6240000000003,328200.75559999974,1.145964275926686
SS-20410,Shahid Shariari,-1010.9738000000004,3056.807,327189.78179999976,1.1424343027656556
VP-21760,Victoria Pisteka,-1018.7768,3360.5260000000003,326171.0049999998,1.1388770842095661
ZC-21910,Zuschuss Carroll,-1032.149000000001,8025.707,325138.8559999998,1.1352731745254734
TP-21415,Tom Prescott,-1087.3898000000002,5329.0048,324051.4661999998,1.1314763829473156
RO-19780,Rose O'Brian,-1262.5715999999998,3815.478,322788.89459999977,1.1270679167122073
DB-13120,David Bremer,-1421.7692000000002,2973.094,321367.1253999998,1.1221035871547258
DC-12850,Dan Campbell,-1441.6312999999998,3336.1680000000006,319925.4940999998,1.117069905968229
TB-21520,Tracy Blumstein,-1603.0451000000003,4737.486000000001,318322.4489999998,1.111472623250397
BM-11140,Becky Martin,-1659.958100000002,11789.63,316662.4908999998,1.1056766198906316
NF-18385,Natalie Fritzler,-1695.9714000000006,8322.826000000001,314966.5194999998,1.0997548704606515
CP-12340,Christine Phan,-1850.3029000000001,5888.275000000001,313116.2165999998,1.093294248457612
SM-20320,Sean Miller,-1980.7393000000022,25043.05,311135.4772999998,1.0863781873608773
SB-20290,Sean Braxton,-2082.7451000000005,8057.891,309052.7321999998,1.0791059570575132
NC-18415,Nathan Cano,-2204.8072,2218.99,306847.9249999998,1.071407527838827
HG-14965,Henry Goldwyn,-2797.9635000000007,3247.642,304049.9614999998,1.0616380006161212
SR-20425,Sharelle Roach,-3333.914400000001,3233.4810000000007,300716.0470999998,1.0499971169916669
LF-17185,Luke Foster,-3583.977000000001,3930.508999999999,297132.0700999998,1.0374831006840735
GT-14635,Grant Thornton,-4108.6588999999985,9351.212,293023.4111999998,1.0231370754509486
CS-12505,Cindy Stewart,-6626.389500000001,5690.055,286397.0216999998,0.9999999999999996
